Plan ,Prepaid/Postpaid,Company,Tier,Included Data(in GB),Talk n TXT,Cost(AUD),Total Consumption Data(in GB),Total Talk Time(in min),SMS sent,CoverageStrength
1,Prepaid ,Vodafone,1,5,Unlimited,12,3,372,7,0.8
2,Prepaid,superloop,2,110,Unlimited,40,33,221,7,0.4
1,Prepaid ,Vodafone,1,5,Unlimited,12,2,406,3,0.6
3,Postpaid,iinet,2,55,Unlimited,20,50,320,1,0.5
4,Prepaid,LEBARA,2,25,Unlimited,24.9,24,190,7,0.5
5,Prepaid,superloop,2,10,Unlimited,20,8,186,14,0.2
4,Prepaid,LEBARA,2,25,Unlimited,24.9,22,340,0,0.6
6,Prepaid,everyday mobile from Woolworths,2,22,Unlimited,25,14,182,1,1
5,Postpaid,exetel,2,20,Unlimited,24,10,416,7,0.4
7,Prepaid,Vodafone,1,50,Unlimited,49,29,438,13,0.5
8,Postpaid,iinet,2,40,Unlimited,15,31,413,5,0.7
9,Postpaid,Vodafone,1,25,Unlimited,35,30,344,15,0.7
10,Postpaid,dodo,2,45,Unlimited,35,40,253,0,0.8
11,Prepaid,exetel,2,20,Unlimited,24,18,442,13,0.4
12,Postpaid,iinet,2,40,Unlimited,15,37,333,5,0.1
4,Prepaid,LEBARA,2,25,Unlimited,24.9,18,198,12,1
11,Prepaid,exetel,2,20,Unlimited,24,12,301,2,0.9
10,Postpaid,dodo,2,45,Unlimited,35,43,214,8,0.3
5,Prepaid,superloop,2,10,Unlimited,20,3,131,8,0.7
13,Postpaid,TELESTRA,1,180,Unlimited,62,22,371,15,0.7
10,Postpaid,dodo,2,45,Unlimited,35,38,134,9,0.7
14,Postpaid,spintel,2,25,Unlimited,14,23,235,9,0.6
7,Prepaid,Vodafone,1,50,Unlimited,49,28,494,8,0.5
11,Prepaid,exetel,2,20,Unlimited,24,2,394,0,1
15,Postpaid,OPTUS,1,80,Unlimited,55,37,289,0,0.8
16,Postpaid,OPTUS,1,50,Unlimited,52,14,362,4,0.5
17,Postpaid,CIRCLES.LIFE,2,120,Unlimited,28,89,169,4,0.2
9,Prepaid,Vodafone,1,25,Unlimited,35,4,273,2,0.3
18,Prepaid,Yomojo,2,75,Unlimited,39.9,46,307,12,0.9
13,Postpaid,TELESTRA,1,180,Unlimited,62,79,370,2,1
19,Prepaid,OPTUS,1,40,Unlimited,35,5,442,3,0.9
20,Postpaid,Vodafone,1,25,Unlimited,35,13,125,2,0.4
21,Prepaid,OPTUS,1,80,Unlimited,55,29,272,4,0.2
22,Postpaid,OPTUS,1,500,Unlimited,69,390,134,11,0.4
7,Prepaid,Vodafone,1,50,Unlimited,49,11,150,9,0.5
23,Postpaid,Southern Phone,2,19,Unlimited,19,3,354,6,0.3
13,Postpaid,TELESTRA,1,180,Unlimited,62,93,229,15,0.9
24,Postpaid,Kogan,2,40,Unlimited,25,18,317,1,0.1
25,Postpaid,Moose mobile,2,100,Unlimited,27.8,68,286,4,1
26,Prepaid,TELESTRA,1,35,Unlimited,35,23,435,12,0.8
1,Prepaid ,Vodafone,1,5,Unlimited,12,5,258,0,0.1
2,Prepaid,superloop,2,110,Unlimited,40,109,145,19,0.7
1,Prepaid ,Vodafone,1,5,Unlimited,12,2,412,0,0.6
3,Postpaid,iinet,2,55,Unlimited,20,28,303,16,0.5
4,Prepaid,LEBARA,2,25,Unlimited,24.9,11,360,9,0.1
5,Prepaid,superloop,2,10,Unlimited,20,9,487,2,0.6
4,Prepaid,LEBARA,2,25,Unlimited,24.9,14,364,19,0.3
6,Prepaid,everyday mobile from Woolworths,2,22,Unlimited,25,10,289,4,1
5,Postpaid,exetel,2,20,Unlimited,24,18,275,12,0.9
7,Prepaid,Vodafone,1,50,Unlimited,49,33,396,1,0.3
8,Postpaid,iinet,2,40,Unlimited,15,38,193,0,0.4
9,Postpaid,Vodafone,1,25,Unlimited,35,5,315,2,0.4
10,Postpaid,dodo,2,45,Unlimited,35,2,457,16,0.2
11,Prepaid,exetel,2,20,Unlimited,24,10,101,13,1
12,Postpaid,iinet,2,40,Unlimited,15,24,351,5,0.6
4,Prepaid,LEBARA,2,25,Unlimited,24.9,22,317,17,0.3
11,Prepaid,exetel,2,20,Unlimited,24,17,431,16,0.7
10,Postpaid,dodo,2,45,Unlimited,35,15,442,1,1
5,Prepaid,superloop,2,10,Unlimited,20,5,404,0,0.7
13,Postpaid,TELESTRA,1,180,Unlimited,62,130,264,9,0.4
10,Postpaid,dodo,2,45,Unlimited,35,19,439,4,0.6
14,Postpaid,spintel,2,25,Unlimited,14,6,432,12,0.9
7,Prepaid,Vodafone,1,50,Unlimited,49,50,394,19,0.7
11,Prepaid,exetel,2,20,Unlimited,24,2,164,6,0.7
15,Postpaid,OPTUS,1,80,Unlimited,55,72,215,5,0.6
16,Postpaid,OPTUS,1,50,Unlimited,52,31,405,5,0.6
17,Postpaid,CIRCLES.LIFE,2,120,Unlimited,28,65,274,13,0.1
9,Prepaid,Vodafone,1,25,Unlimited,35,16,105,6,0.1
18,Prepaid,Yomojo,2,75,Unlimited,39.9,2,230,13,1
13,Postpaid,TELESTRA,1,180,Unlimited,62,135,500,20,0.6
19,Prepaid,OPTUS,1,40,Unlimited,35,26,225,1,0.2
20,Postpaid,Vodafone,1,25,Unlimited,35,2,242,7,0.3
21,Prepaid,OPTUS,1,80,Unlimited,55,48,147,20,0.8
22,Postpaid,OPTUS,1,500,Unlimited,69,65,433,5,1
7,Prepaid,Vodafone,1,50,Unlimited,49,14,326,9,0.5
23,Postpaid,Southern Phone,2,19,Unlimited,19,16,117,13,0.6
13,Postpaid,TELESTRA,1,180,Unlimited,62,74,425,13,0.9
24,Postpaid,Kogan,2,40,Unlimited,25,22,375,2,0.2
25,Postpaid,Moose mobile,2,100,Unlimited,27.8,67,249,0,0.9
26,Prepaid,TELESTRA,1,35,Unlimited,35,32,422,6,0.5
1,Prepaid ,Vodafone,1,5,Unlimited,12,5,252,0,0.8
2,Prepaid,superloop,2,110,Unlimited,40,99,243,4,0.2
1,Prepaid ,Vodafone,1,5,Unlimited,12,4,495,18,0.4
3,Postpaid,iinet,2,55,Unlimited,20,50,383,7,0.7
4,Prepaid,LEBARA,2,25,Unlimited,24.9,21,381,12,0.1
5,Prepaid,superloop,2,10,Unlimited,20,10,377,19,0.5
4,Prepaid,LEBARA,2,25,Unlimited,24.9,25,333,12,0.6
6,Prepaid,everyday mobile from Woolworths,2,22,Unlimited,25,18,153,7,0.7
5,Postpaid,exetel,2,20,Unlimited,24,5,483,10,0.8
7,Prepaid,Vodafone,1,50,Unlimited,49,20,242,1,0.9
8,Postpaid,iinet,2,40,Unlimited,15,29,408,12,0.1
9,Postpaid,Vodafone,1,25,Unlimited,35,11,293,4,1
10,Postpaid,dodo,2,45,Unlimited,35,24,313,12,0.5
11,Prepaid,exetel,2,20,Unlimited,24,18,301,0,0.1
12,Postpaid,iinet,2,40,Unlimited,15,27,234,1,0.5
4,Prepaid,LEBARA,2,25,Unlimited,24.9,8,170,17,0.9
11,Prepaid,exetel,2,20,Unlimited,24,18,400,18,1
10,Postpaid,dodo,2,45,Unlimited,35,7,222,8,0.3
5,Prepaid,superloop,2,10,Unlimited,20,10,479,2,0.7
13,Postpaid,TELESTRA,1,180,Unlimited,62,109,328,6,0.2
10,Postpaid,dodo,2,45,Unlimited,35,43,137,3,0.1
14,Postpaid,spintel,2,25,Unlimited,14,10,338,5,0.5
7,Prepaid,Vodafone,1,50,Unlimited,49,18,211,7,0.1
11,Prepaid,exetel,2,20,Unlimited,24,18,395,12,0.2
15,Postpaid,OPTUS,1,80,Unlimited,55,58,319,20,0.4
16,Postpaid,OPTUS,1,50,Unlimited,52,40,357,13,0.4
17,Postpaid,CIRCLES.LIFE,2,120,Unlimited,28,95,184,20,0.5
9,Prepaid,Vodafone,1,25,Unlimited,35,9,106,20,0.5
18,Prepaid,Yomojo,2,75,Unlimited,39.9,55,446,7,0.6
13,Postpaid,TELESTRA,1,180,Unlimited,62,22,229,2,1
19,Prepaid,OPTUS,1,40,Unlimited,35,34,494,12,0.6
20,Postpaid,Vodafone,1,25,Unlimited,35,16,139,12,0.6
21,Prepaid,OPTUS,1,80,Unlimited,55,70,228,11,0.8
22,Postpaid,OPTUS,1,500,Unlimited,69,114,162,16,0.9
7,Prepaid,Vodafone,1,50,Unlimited,49,17,471,19,0.1
23,Postpaid,Southern Phone,2,19,Unlimited,19,10,459,5,0.2
13,Postpaid,TELESTRA,1,180,Unlimited,62,2,391,10,0.2
24,Postpaid,Kogan,2,40,Unlimited,25,21,254,19,0.9
25,Postpaid,Moose mobile,2,100,Unlimited,27.8,72,232,19,0.1
26,Prepaid,TELESTRA,1,35,Unlimited,35,4,187,15,0.5
1,Prepaid ,Vodafone,1,5,Unlimited,12,5,339,12,0.2
2,Prepaid,superloop,2,110,Unlimited,40,53,319,1,0.9
1,Prepaid ,Vodafone,1,5,Unlimited,12,2,340,4,0.2
3,Postpaid,iinet,2,55,Unlimited,20,28,381,2,0.3
4,Prepaid,LEBARA,2,25,Unlimited,24.9,3,433,16,0.8
5,Prepaid,superloop,2,10,Unlimited,20,5,453,19,0.4
4,Prepaid,LEBARA,2,25,Unlimited,24.9,24,153,1,0.6
6,Prepaid,everyday mobile from Woolworths,2,22,Unlimited,25,12,102,4,0.6
5,Postpaid,exetel,2,20,Unlimited,24,19,453,12,0.7
7,Prepaid,Vodafone,1,50,Unlimited,49,49,483,12,0.3
8,Postpaid,iinet,2,40,Unlimited,15,11,222,18,0.7
9,Postpaid,Vodafone,1,25,Unlimited,35,3,326,3,0.2
10,Postpaid,dodo,2,45,Unlimited,35,45,208,20,0.8
11,Prepaid,exetel,2,20,Unlimited,24,14,175,19,0.7
12,Postpaid,iinet,2,40,Unlimited,15,22,354,9,0.4
4,Prepaid,LEBARA,2,25,Unlimited,24.9,18,237,1,0.7
11,Prepaid,exetel,2,20,Unlimited,24,9,335,5,0.2
10,Postpaid,dodo,2,45,Unlimited,35,43,415,16,0.4
5,Prepaid,superloop,2,10,Unlimited,20,4,216,12,0.6
13,Postpaid,TELESTRA,1,180,Unlimited,62,113,496,4,0.7
10,Postpaid,dodo,2,45,Unlimited,35,2,340,0,0.4
14,Postpaid,spintel,2,25,Unlimited,14,18,224,11,0.5
7,Prepaid,Vodafone,1,50,Unlimited,49,8,421,5,0.1
11,Prepaid,exetel,2,20,Unlimited,24,9,164,15,0.6
15,Postpaid,OPTUS,1,80,Unlimited,55,16,285,16,0.6
16,Postpaid,OPTUS,1,50,Unlimited,52,29,495,19,0.2
17,Postpaid,CIRCLES.LIFE,2,120,Unlimited,28,55,331,15,1
9,Prepaid,Vodafone,1,25,Unlimited,35,4,103,1,1
18,Prepaid,Yomojo,2,75,Unlimited,39.9,63,329,7,0.4
13,Postpaid,TELESTRA,1,180,Unlimited,62,169,287,1,0.4
19,Prepaid,OPTUS,1,40,Unlimited,35,14,298,11,0.4
20,Postpaid,Vodafone,1,25,Unlimited,35,18,489,18,0.4
21,Prepaid,OPTUS,1,80,Unlimited,55,56,173,0,1
22,Postpaid,OPTUS,1,500,Unlimited,69,163,340,20,0.5
7,Prepaid,Vodafone,1,50,Unlimited,49,12,337,17,0.2
23,Postpaid,Southern Phone,2,19,Unlimited,19,19,243,0,0.7
13,Postpaid,TELESTRA,1,180,Unlimited,62,118,485,3,0.5
24,Postpaid,Kogan,2,40,Unlimited,25,19,331,17,0.9
25,Postpaid,Moose mobile,2,100,Unlimited,27.8,99,163,18,1
26,Prepaid,TELESTRA,1,35,Unlimited,35,4,447,12,0.4
1,Prepaid ,Vodafone,1,5,Unlimited,12,4,470,18,0.1
2,Prepaid,superloop,2,110,Unlimited,40,57,257,14,0.7
1,Prepaid ,Vodafone,1,5,Unlimited,12,3,121,9,0.7
3,Postpaid,iinet,2,55,Unlimited,20,4,227,11,0.1
4,Prepaid,LEBARA,2,25,Unlimited,24.9,5,329,19,0.7
5,Prepaid,superloop,2,10,Unlimited,20,3,307,20,0.4
4,Prepaid,LEBARA,2,25,Unlimited,24.9,5,241,13,1
6,Prepaid,everyday mobile from Woolworths,2,22,Unlimited,25,3,334,1,0.4
5,Postpaid,exetel,2,20,Unlimited,24,13,421,16,0.9
7,Prepaid,Vodafone,1,50,Unlimited,49,34,153,7,0.5
8,Postpaid,iinet,2,40,Unlimited,15,35,437,2,0.8
9,Postpaid,Vodafone,1,25,Unlimited,35,10,175,1,0.5
10,Postpaid,dodo,2,45,Unlimited,35,37,430,5,0.8
11,Prepaid,exetel,2,20,Unlimited,24,17,246,14,1
12,Postpaid,iinet,2,40,Unlimited,15,9,487,13,0.3
4,Prepaid,LEBARA,2,25,Unlimited,24.9,14,356,5,0.7
11,Prepaid,exetel,2,20,Unlimited,24,18,293,13,0.2
10,Postpaid,dodo,2,45,Unlimited,35,5,301,10,0.6
5,Prepaid,superloop,2,10,Unlimited,20,2,393,1,1
13,Postpaid,TELESTRA,1,180,Unlimited,62,22,194,12,0.1
10,Postpaid,dodo,2,45,Unlimited,35,11,135,9,0.7
14,Postpaid,spintel,2,25,Unlimited,14,13,369,11,0.1
7,Prepaid,Vodafone,1,50,Unlimited,49,16,215,11,0.1
11,Prepaid,exetel,2,20,Unlimited,24,8,132,2,0.6
15,Postpaid,OPTUS,1,80,Unlimited,55,17,337,5,0.7
16,Postpaid,OPTUS,1,50,Unlimited,52,44,248,2,0.6
17,Postpaid,CIRCLES.LIFE,2,120,Unlimited,28,89,365,8,0.9
9,Prepaid,Vodafone,1,25,Unlimited,35,10,266,3,0.4
18,Prepaid,Yomojo,2,75,Unlimited,39.9,12,139,19,1
13,Postpaid,TELESTRA,1,180,Unlimited,62,137,119,20,0.9
19,Prepaid,OPTUS,1,40,Unlimited,35,13,288,14,0.3
20,Postpaid,Vodafone,1,25,Unlimited,35,10,136,5,0.2
21,Prepaid,OPTUS,1,80,Unlimited,55,27,384,6,0.6
22,Postpaid,OPTUS,1,500,Unlimited,69,380,365,19,0.4
7,Prepaid,Vodafone,1,50,Unlimited,49,33,398,13,0.8
23,Postpaid,Southern Phone,2,19,Unlimited,19,2,276,2,0.1
13,Postpaid,TELESTRA,1,180,Unlimited,62,178,475,11,0.7
24,Postpaid,Kogan,2,40,Unlimited,25,19,321,9,0.9
25,Postpaid,Moose mobile,2,100,Unlimited,27.8,44,295,19,0.4
26,Prepaid,TELESTRA,1,35,Unlimited,35,34,230,12,1
1,Prepaid ,Vodafone,1,5,Unlimited,12,5,226,15,0.4
2,Prepaid,superloop,2,110,Unlimited,40,85,461,17,0.5
1,Prepaid ,Vodafone,1,5,Unlimited,12,3,483,18,0.9
3,Postpaid,iinet,2,55,Unlimited,20,55,265,16,0.7
4,Prepaid,LEBARA,2,25,Unlimited,24.9,25,353,18,0.7
5,Prepaid,superloop,2,10,Unlimited,20,8,308,17,0.4
4,Prepaid,LEBARA,2,25,Unlimited,24.9,13,173,9,0.7
6,Prepaid,everyday mobile from Woolworths,2,22,Unlimited,25,18,374,10,1
5,Postpaid,exetel,2,20,Unlimited,24,7,325,9,0.1
7,Prepaid,Vodafone,1,50,Unlimited,49,32,192,9,1
8,Postpaid,iinet,2,40,Unlimited,15,9,360,2,0.8
9,Postpaid,Vodafone,1,25,Unlimited,35,20,196,11,0.8
10,Postpaid,dodo,2,45,Unlimited,35,19,343,14,0.6
11,Prepaid,exetel,2,20,Unlimited,24,20,422,5,0.4
12,Postpaid,iinet,2,40,Unlimited,15,24,376,15,0.2
4,Prepaid,LEBARA,2,25,Unlimited,24.9,17,464,6,0.3
11,Prepaid,exetel,2,20,Unlimited,24,18,341,3,0.7
10,Postpaid,dodo,2,45,Unlimited,35,26,255,11,0.6
5,Prepaid,superloop,2,10,Unlimited,20,9,356,19,1
13,Postpaid,TELESTRA,1,180,Unlimited,62,111,335,4,0.5
10,Postpaid,dodo,2,45,Unlimited,35,36,213,19,0.7
14,Postpaid,spintel,2,25,Unlimited,14,25,412,14,0.5
7,Prepaid,Vodafone,1,50,Unlimited,49,45,164,17,0.5
11,Prepaid,exetel,2,20,Unlimited,24,14,404,15,0.8
15,Postpaid,OPTUS,1,80,Unlimited,55,36,379,5,0.3
16,Postpaid,OPTUS,1,50,Unlimited,52,21,444,3,1
17,Postpaid,CIRCLES.LIFE,2,120,Unlimited,28,28,351,6,0.3
9,Prepaid,Vodafone,1,25,Unlimited,35,14,242,5,0.9
18,Prepaid,Yomojo,2,75,Unlimited,39.9,47,217,16,0.6
13,Postpaid,TELESTRA,1,180,Unlimited,62,137,491,10,0.9
19,Prepaid,OPTUS,1,40,Unlimited,35,31,275,2,0.2
20,Postpaid,Vodafone,1,25,Unlimited,35,17,357,6,0.7
21,Prepaid,OPTUS,1,80,Unlimited,55,53,361,8,0.9
22,Postpaid,OPTUS,1,500,Unlimited,69,182,414,8,0.7
7,Prepaid,Vodafone,1,50,Unlimited,49,40,386,8,1
23,Postpaid,Southern Phone,2,19,Unlimited,19,19,177,13,1
13,Postpaid,TELESTRA,1,180,Unlimited,62,131,114,19,0.3
24,Postpaid,Kogan,2,40,Unlimited,25,24,129,11,0.1
25,Postpaid,Moose mobile,2,100,Unlimited,27.8,44,121,11,1
26,Prepaid,TELESTRA,1,35,Unlimited,35,24,185,16,0.4
1,Prepaid ,Vodafone,1,5,Unlimited,12,5,394,18,1
2,Prepaid,superloop,2,110,Unlimited,40,2,281,10,0.9
1,Prepaid ,Vodafone,1,5,Unlimited,12,3,186,4,0.3
3,Postpaid,iinet,2,55,Unlimited,20,11,271,12,0.4
4,Prepaid,LEBARA,2,25,Unlimited,24.9,24,228,19,0.5
5,Prepaid,superloop,2,10,Unlimited,20,6,211,20,0.1
4,Prepaid,LEBARA,2,25,Unlimited,24.9,19,483,18,0.6
6,Prepaid,everyday mobile from Woolworths,2,22,Unlimited,25,19,152,13,0.1
5,Postpaid,exetel,2,20,Unlimited,24,20,402,4,0.9
7,Prepaid,Vodafone,1,50,Unlimited,49,39,420,12,0.4
8,Postpaid,iinet,2,40,Unlimited,15,4,187,8,0.7
9,Postpaid,Vodafone,1,25,Unlimited,35,11,152,14,0.5
10,Postpaid,dodo,2,45,Unlimited,35,6,493,19,0.7
11,Prepaid,exetel,2,20,Unlimited,24,20,259,19,0.4
12,Postpaid,iinet,2,40,Unlimited,15,11,456,14,0.3
4,Prepaid,LEBARA,2,25,Unlimited,24.9,10,140,10,1
11,Prepaid,exetel,2,20,Unlimited,24,19,238,5,0.9
10,Postpaid,dodo,2,45,Unlimited,35,36,270,9,0.4
5,Prepaid,superloop,2,10,Unlimited,20,5,196,5,0.6
13,Postpaid,TELESTRA,1,180,Unlimited,62,178,439,2,0.7
10,Postpaid,dodo,2,45,Unlimited,35,3,152,16,0.7
14,Postpaid,spintel,2,25,Unlimited,14,14,199,10,0.3
7,Prepaid,Vodafone,1,50,Unlimited,49,13,365,19,0.3
11,Prepaid,exetel,2,20,Unlimited,24,7,438,14,0.5
15,Postpaid,OPTUS,1,80,Unlimited,55,72,132,11,0.8
16,Postpaid,OPTUS,1,50,Unlimited,52,38,395,12,0.6
17,Postpaid,CIRCLES.LIFE,2,120,Unlimited,28,67,280,19,0.6
9,Prepaid,Vodafone,1,25,Unlimited,35,25,488,16,0.2
18,Prepaid,Yomojo,2,75,Unlimited,39.9,62,332,12,0.7
13,Postpaid,TELESTRA,1,180,Unlimited,62,38,364,4,0.8
19,Prepaid,OPTUS,1,40,Unlimited,35,37,406,13,0.2
20,Postpaid,Vodafone,1,25,Unlimited,35,16,427,18,0.5
21,Prepaid,OPTUS,1,80,Unlimited,55,46,404,12,0.9
22,Postpaid,OPTUS,1,500,Unlimited,69,71,342,5,0.2
7,Prepaid,Vodafone,1,50,Unlimited,49,26,150,6,0.4
23,Postpaid,Southern Phone,2,19,Unlimited,19,10,353,2,0.2
13,Postpaid,TELESTRA,1,180,Unlimited,62,99,163,10,1
24,Postpaid,Kogan,2,40,Unlimited,25,17,183,2,0.3
25,Postpaid,Moose mobile,2,100,Unlimited,27.8,41,239,5,0.2
26,Prepaid,TELESTRA,1,35,Unlimited,35,14,160,18,0.6
1,Prepaid ,Vodafone,1,5,Unlimited,12,2,203,15,0.3
2,Prepaid,superloop,2,110,Unlimited,40,103,187,15,0.9
1,Prepaid ,Vodafone,1,5,Unlimited,12,4,170,13,0.6
3,Postpaid,iinet,2,55,Unlimited,20,18,482,13,0.4
4,Prepaid,LEBARA,2,25,Unlimited,24.9,20,425,6,0.4
5,Prepaid,superloop,2,10,Unlimited,20,7,397,7,0.9
4,Prepaid,LEBARA,2,25,Unlimited,24.9,23,338,17,0.7
6,Prepaid,everyday mobile from Woolworths,2,22,Unlimited,25,19,465,5,0.3
5,Postpaid,exetel,2,20,Unlimited,24,2,190,18,0.1
7,Prepaid,Vodafone,1,50,Unlimited,49,9,470,10,0.4
8,Postpaid,iinet,2,40,Unlimited,15,39,484,20,1
9,Postpaid,Vodafone,1,25,Unlimited,35,17,396,4,0.1
10,Postpaid,dodo,2,45,Unlimited,35,3,156,5,0.3
11,Prepaid,exetel,2,20,Unlimited,24,5,213,20,0.7
12,Postpaid,iinet,2,40,Unlimited,15,22,219,14,0.9
4,Prepaid,LEBARA,2,25,Unlimited,24.9,15,421,7,0.8
11,Prepaid,exetel,2,20,Unlimited,24,4,336,5,0.7
10,Postpaid,dodo,2,45,Unlimited,35,7,406,12,0.2
5,Prepaid,superloop,2,10,Unlimited,20,6,321,9,0.8
13,Postpaid,TELESTRA,1,180,Unlimited,62,104,184,19,0.7
10,Postpaid,dodo,2,45,Unlimited,35,13,363,5,0.2
14,Postpaid,spintel,2,25,Unlimited,14,10,112,19,0.1
7,Prepaid,Vodafone,1,50,Unlimited,49,4,239,10,0.7
11,Prepaid,exetel,2,20,Unlimited,24,17,248,14,0.7
15,Postpaid,OPTUS,1,80,Unlimited,55,68,325,6,0.9
16,Postpaid,OPTUS,1,50,Unlimited,52,2,274,17,0.2
17,Postpaid,CIRCLES.LIFE,2,120,Unlimited,28,66,302,15,0.8
9,Prepaid,Vodafone,1,25,Unlimited,35,20,398,5,0.1
18,Prepaid,Yomojo,2,75,Unlimited,39.9,35,255,10,0.1
13,Postpaid,TELESTRA,1,180,Unlimited,62,51,483,5,1
19,Prepaid,OPTUS,1,40,Unlimited,35,16,228,13,0.4
20,Postpaid,Vodafone,1,25,Unlimited,35,24,237,2,0.7
21,Prepaid,OPTUS,1,80,Unlimited,55,24,461,19,0.7
22,Postpaid,OPTUS,1,500,Unlimited,69,423,406,15,0.6
7,Prepaid,Vodafone,1,50,Unlimited,49,43,480,19,0.6
23,Postpaid,Southern Phone,2,19,Unlimited,19,10,163,19,0.1
13,Postpaid,TELESTRA,1,180,Unlimited,62,65,484,2,0.3
24,Postpaid,Kogan,2,40,Unlimited,25,32,258,5,0.5
25,Postpaid,Moose mobile,2,100,Unlimited,27.8,49,130,14,0.3
26,Prepaid,TELESTRA,1,35,Unlimited,35,5,433,7,0.7
1,Prepaid ,Vodafone,1,5,Unlimited,12,5,277,13,0.3
2,Prepaid,superloop,2,110,Unlimited,40,20,387,20,1
1,Prepaid ,Vodafone,1,5,Unlimited,12,3,137,2,0.2
3,Postpaid,iinet,2,55,Unlimited,20,8,329,17,0.1
4,Prepaid,LEBARA,2,25,Unlimited,24.9,5,197,2,0.3
5,Prepaid,superloop,2,10,Unlimited,20,5,367,18,0.4
4,Prepaid,LEBARA,2,25,Unlimited,24.9,22,407,4,0.2
6,Prepaid,everyday mobile from Woolworths,2,22,Unlimited,25,17,309,18,0.4
5,Postpaid,exetel,2,20,Unlimited,24,17,246,9,0.5
7,Prepaid,Vodafone,1,50,Unlimited,49,32,411,5,0.3
8,Postpaid,iinet,2,40,Unlimited,15,8,269,5,0.7
9,Postpaid,Vodafone,1,25,Unlimited,35,19,111,2,0.9
10,Postpaid,dodo,2,45,Unlimited,35,31,332,5,0.6
11,Prepaid,exetel,2,20,Unlimited,24,13,277,15,0.6
12,Postpaid,iinet,2,40,Unlimited,15,5,422,14,0.3
4,Prepaid,LEBARA,2,25,Unlimited,24.9,16,388,18,0.7
11,Prepaid,exetel,2,20,Unlimited,24,3,312,19,0.9
10,Postpaid,dodo,2,45,Unlimited,35,3,326,4,0.8
5,Prepaid,superloop,2,10,Unlimited,20,6,427,13,0.5
13,Postpaid,TELESTRA,1,180,Unlimited,62,120,459,8,0.6
10,Postpaid,dodo,2,45,Unlimited,35,12,348,20,0.1
14,Postpaid,spintel,2,25,Unlimited,14,4,246,4,0.8
7,Prepaid,Vodafone,1,50,Unlimited,49,42,320,18,0.2
11,Prepaid,exetel,2,20,Unlimited,24,3,404,10,0.2
15,Postpaid,OPTUS,1,80,Unlimited,55,11,157,4,0.4
16,Postpaid,OPTUS,1,50,Unlimited,52,11,429,3,0.7
17,Postpaid,CIRCLES.LIFE,2,120,Unlimited,28,48,271,14,0.3
9,Prepaid,Vodafone,1,25,Unlimited,35,21,293,9,0.8
18,Prepaid,Yomojo,2,75,Unlimited,39.9,22,377,2,0.7
13,Postpaid,TELESTRA,1,180,Unlimited,62,72,425,11,0.6
19,Prepaid,OPTUS,1,40,Unlimited,35,13,368,9,0.5
20,Postpaid,Vodafone,1,25,Unlimited,35,14,119,15,0.4
21,Prepaid,OPTUS,1,80,Unlimited,55,39,342,8,0.2
22,Postpaid,OPTUS,1,500,Unlimited,69,92,140,14,0.5
7,Prepaid,Vodafone,1,50,Unlimited,49,15,280,8,0.4
23,Postpaid,Southern Phone,2,19,Unlimited,19,17,489,9,1
13,Postpaid,TELESTRA,1,180,Unlimited,62,50,485,6,0.7
24,Postpaid,Kogan,2,40,Unlimited,25,36,370,13,0.8
25,Postpaid,Moose mobile,2,100,Unlimited,27.8,21,188,19,1
26,Prepaid,TELESTRA,1,35,Unlimited,35,27,376,15,0.4
1,Prepaid ,Vodafone,1,5,Unlimited,12,5,408,5,0.8
2,Prepaid,superloop,2,110,Unlimited,40,88,271,10,0.6
1,Prepaid ,Vodafone,1,5,Unlimited,12,5,347,16,0.3
3,Postpaid,iinet,2,55,Unlimited,20,10,406,13,0.9
4,Prepaid,LEBARA,2,25,Unlimited,24.9,20,350,16,0.6
5,Prepaid,superloop,2,10,Unlimited,20,4,330,14,0.9
4,Prepaid,LEBARA,2,25,Unlimited,24.9,23,294,7,0.1
6,Prepaid,everyday mobile from Woolworths,2,22,Unlimited,25,5,394,13,0.9
5,Postpaid,exetel,2,20,Unlimited,24,2,317,4,0.1
7,Prepaid,Vodafone,1,50,Unlimited,49,22,209,12,0.3
8,Postpaid,iinet,2,40,Unlimited,15,37,221,20,0.5
9,Postpaid,Vodafone,1,25,Unlimited,35,14,110,4,1
10,Postpaid,dodo,2,45,Unlimited,35,13,334,3,0.5
11,Prepaid,exetel,2,20,Unlimited,24,2,451,15,0.8
12,Postpaid,iinet,2,40,Unlimited,15,3,198,16,0.2
4,Prepaid,LEBARA,2,25,Unlimited,24.9,24,148,19,0.2
11,Prepaid,exetel,2,20,Unlimited,24,5,209,18,0.6
10,Postpaid,dodo,2,45,Unlimited,35,2,189,13,0.3
5,Prepaid,superloop,2,10,Unlimited,20,6,475,4,0.1
13,Postpaid,TELESTRA,1,180,Unlimited,62,158,369,3,0.8
10,Postpaid,dodo,2,45,Unlimited,35,5,395,19,0.3
14,Postpaid,spintel,2,25,Unlimited,14,11,287,14,0.6
7,Prepaid,Vodafone,1,50,Unlimited,49,43,252,16,0.3
11,Prepaid,exetel,2,20,Unlimited,24,8,286,8,0.5
15,Postpaid,OPTUS,1,80,Unlimited,55,69,283,20,1
16,Postpaid,OPTUS,1,50,Unlimited,52,47,279,13,0.5
17,Postpaid,CIRCLES.LIFE,2,120,Unlimited,28,15,384,15,0.5
9,Prepaid,Vodafone,1,25,Unlimited,35,5,202,4,1
18,Prepaid,Yomojo,2,75,Unlimited,39.9,23,331,14,1
13,Postpaid,TELESTRA,1,180,Unlimited,62,55,267,14,0.9
19,Prepaid,OPTUS,1,40,Unlimited,35,36,368,20,0.9
20,Postpaid,Vodafone,1,25,Unlimited,35,15,419,11,0.5
21,Prepaid,OPTUS,1,80,Unlimited,55,45,401,12,0.2
22,Postpaid,OPTUS,1,500,Unlimited,69,362,226,18,0.9
7,Prepaid,Vodafone,1,50,Unlimited,49,41,238,7,0.2
23,Postpaid,Southern Phone,2,19,Unlimited,19,18,300,7,0.5
13,Postpaid,TELESTRA,1,180,Unlimited,62,67,168,14,0.2
24,Postpaid,Kogan,2,40,Unlimited,25,27,398,6,0.1
25,Postpaid,Moose mobile,2,100,Unlimited,27.8,68,164,17,0.9
26,Prepaid,TELESTRA,1,35,Unlimited,35,26,162,6,0.1
1,Prepaid ,Vodafone,1,5,Unlimited,12,2,205,11,0.6
2,Prepaid,superloop,2,110,Unlimited,40,80,359,10,0.1
1,Prepaid ,Vodafone,1,5,Unlimited,12,3,202,10,0.3
3,Postpaid,iinet,2,55,Unlimited,20,47,117,12,0.3
4,Prepaid,LEBARA,2,25,Unlimited,24.9,8,274,13,0.2
5,Prepaid,superloop,2,10,Unlimited,20,7,408,4,0.9
4,Prepaid,LEBARA,2,25,Unlimited,24.9,24,441,20,0.9
6,Prepaid,everyday mobile from Woolworths,2,22,Unlimited,25,17,214,2,0.5
5,Postpaid,exetel,2,20,Unlimited,24,6,293,20,0.7
7,Prepaid,Vodafone,1,50,Unlimited,49,4,401,20,0.5
8,Postpaid,iinet,2,40,Unlimited,15,12,207,2,0.2
9,Postpaid,Vodafone,1,25,Unlimited,35,11,224,14,0.8
10,Postpaid,dodo,2,45,Unlimited,35,27,132,16,0.5
11,Prepaid,exetel,2,20,Unlimited,24,16,132,5,1
12,Postpaid,iinet,2,40,Unlimited,15,5,263,9,0.8
4,Prepaid,LEBARA,2,25,Unlimited,24.9,16,236,11,0.6
11,Prepaid,exetel,2,20,Unlimited,24,10,228,7,0.6
10,Postpaid,dodo,2,45,Unlimited,35,25,153,11,0.4
5,Prepaid,superloop,2,10,Unlimited,20,8,227,14,0.6
13,Postpaid,TELESTRA,1,180,Unlimited,62,76,201,3,0.2
10,Postpaid,dodo,2,45,Unlimited,35,8,158,10,0.3
14,Postpaid,spintel,2,25,Unlimited,14,19,360,3,0.9
7,Prepaid,Vodafone,1,50,Unlimited,49,14,485,16,0.8
11,Prepaid,exetel,2,20,Unlimited,24,3,213,9,0.8
15,Postpaid,OPTUS,1,80,Unlimited,55,61,500,6,0.8
16,Postpaid,OPTUS,1,50,Unlimited,52,12,230,16,0.6
17,Postpaid,CIRCLES.LIFE,2,120,Unlimited,28,88,228,16,0.5
9,Prepaid,Vodafone,1,25,Unlimited,35,16,166,19,0.7
18,Prepaid,Yomojo,2,75,Unlimited,39.9,59,452,11,0.9
13,Postpaid,TELESTRA,1,180,Unlimited,62,7,400,4,0.2
19,Prepaid,OPTUS,1,40,Unlimited,35,7,387,5,1
20,Postpaid,Vodafone,1,25,Unlimited,35,25,448,11,0.4
21,Prepaid,OPTUS,1,80,Unlimited,55,33,493,5,0.1
22,Postpaid,OPTUS,1,500,Unlimited,69,146,474,13,0.3
7,Prepaid,Vodafone,1,50,Unlimited,49,29,249,10,0.4
23,Postpaid,Southern Phone,2,19,Unlimited,19,18,477,16,0.6
13,Postpaid,TELESTRA,1,180,Unlimited,62,37,169,13,0.5
24,Postpaid,Kogan,2,40,Unlimited,25,14,271,13,0.5
25,Postpaid,Moose mobile,2,100,Unlimited,27.8,18,494,18,0.2
26,Prepaid,TELESTRA,1,35,Unlimited,35,21,268,19,0.5
1,Prepaid ,Vodafone,1,5,Unlimited,12,2,370,4,0.9
2,Prepaid,superloop,2,110,Unlimited,40,99,324,10,0.2
1,Prepaid ,Vodafone,1,5,Unlimited,12,2,486,15,0.6
3,Postpaid,iinet,2,55,Unlimited,20,37,264,2,0.8
4,Prepaid,LEBARA,2,25,Unlimited,24.9,13,212,8,0.2
5,Prepaid,superloop,2,10,Unlimited,20,9,349,19,0.5
4,Prepaid,LEBARA,2,25,Unlimited,24.9,15,488,9,0.2
6,Prepaid,everyday mobile from Woolworths,2,22,Unlimited,25,19,373,17,0.5
5,Postpaid,exetel,2,20,Unlimited,24,4,330,5,0.1
7,Prepaid,Vodafone,1,50,Unlimited,49,14,155,9,0.5
8,Postpaid,iinet,2,40,Unlimited,15,19,493,15,1
9,Postpaid,Vodafone,1,25,Unlimited,35,6,465,2,0.6
10,Postpaid,dodo,2,45,Unlimited,35,42,496,2,0.8
11,Prepaid,exetel,2,20,Unlimited,24,20,253,8,1
12,Postpaid,iinet,2,40,Unlimited,15,3,443,6,0.7
4,Prepaid,LEBARA,2,25,Unlimited,24.9,14,252,11,0.6
11,Prepaid,exetel,2,20,Unlimited,24,15,375,19,0.7
10,Postpaid,dodo,2,45,Unlimited,35,19,418,9,0.7
5,Prepaid,superloop,2,10,Unlimited,20,7,408,2,0.7
13,Postpaid,TELESTRA,1,180,Unlimited,62,149,394,10,0.8
10,Postpaid,dodo,2,45,Unlimited,35,11,206,11,0.7
14,Postpaid,spintel,2,25,Unlimited,14,6,144,12,0.7
7,Prepaid,Vodafone,1,50,Unlimited,49,32,477,19,0.2
11,Prepaid,exetel,2,20,Unlimited,24,12,322,2,0.7
15,Postpaid,OPTUS,1,80,Unlimited,55,61,474,15,0.8
16,Postpaid,OPTUS,1,50,Unlimited,52,44,381,10,0.4
17,Postpaid,CIRCLES.LIFE,2,120,Unlimited,28,23,348,9,0.7
9,Prepaid,Vodafone,1,25,Unlimited,35,4,160,20,0.9
18,Prepaid,Yomojo,2,75,Unlimited,39.9,12,184,5,0.3
13,Postpaid,TELESTRA,1,180,Unlimited,62,75,201,20,0.2
19,Prepaid,OPTUS,1,40,Unlimited,35,17,490,15,0.9
20,Postpaid,Vodafone,1,25,Unlimited,35,10,244,3,0.5
21,Prepaid,OPTUS,1,80,Unlimited,55,37,348,12,0.2
22,Postpaid,OPTUS,1,500,Unlimited,69,74,138,11,0.6
7,Prepaid,Vodafone,1,50,Unlimited,49,23,227,13,0.6
23,Postpaid,Southern Phone,2,19,Unlimited,19,8,381,17,0.2
13,Postpaid,TELESTRA,1,180,Unlimited,62,133,238,18,0.7
24,Postpaid,Kogan,2,40,Unlimited,25,21,265,8,0.5
25,Postpaid,Moose mobile,2,100,Unlimited,27.8,20,474,16,0.7
26,Prepaid,TELESTRA,1,35,Unlimited,35,24,423,7,0.3
1,Prepaid ,Vodafone,1,5,Unlimited,12,2,405,2,0.7
2,Prepaid,superloop,2,110,Unlimited,40,34,457,14,0.8
1,Prepaid ,Vodafone,1,5,Unlimited,12,2,136,11,0.5
3,Postpaid,iinet,2,55,Unlimited,20,11,395,18,0.7
4,Prepaid,LEBARA,2,25,Unlimited,24.9,10,445,11,0.2
5,Prepaid,superloop,2,10,Unlimited,20,6,499,11,0.7
4,Prepaid,LEBARA,2,25,Unlimited,24.9,7,236,13,0.5
6,Prepaid,everyday mobile from Woolworths,2,22,Unlimited,25,20,335,8,0.1
5,Postpaid,exetel,2,20,Unlimited,24,2,460,8,0.2
7,Prepaid,Vodafone,1,50,Unlimited,49,14,366,11,0.7
8,Postpaid,iinet,2,40,Unlimited,15,17,290,12,0.9
9,Postpaid,Vodafone,1,25,Unlimited,35,22,289,14,0.8
10,Postpaid,dodo,2,45,Unlimited,35,20,202,17,1
11,Prepaid,exetel,2,20,Unlimited,24,20,335,3,0.8
12,Postpaid,iinet,2,40,Unlimited,15,24,112,2,0.1
4,Prepaid,LEBARA,2,25,Unlimited,24.9,6,352,14,0.3
11,Prepaid,exetel,2,20,Unlimited,24,15,362,11,0.1
10,Postpaid,dodo,2,45,Unlimited,35,7,208,7,0.4
5,Prepaid,superloop,2,10,Unlimited,20,8,313,2,0.5
13,Postpaid,TELESTRA,1,180,Unlimited,62,52,133,10,1
10,Postpaid,dodo,2,45,Unlimited,35,45,152,5,0.8
14,Postpaid,spintel,2,25,Unlimited,14,4,246,12,0.7
7,Prepaid,Vodafone,1,50,Unlimited,49,17,444,20,0.3
11,Prepaid,exetel,2,20,Unlimited,24,15,392,16,0.9
15,Postpaid,OPTUS,1,80,Unlimited,55,72,378,17,0.7
16,Postpaid,OPTUS,1,50,Unlimited,52,48,452,9,0.7
17,Postpaid,CIRCLES.LIFE,2,120,Unlimited,28,43,353,19,0.2
9,Prepaid,Vodafone,1,25,Unlimited,35,17,445,13,0.1
18,Prepaid,Yomojo,2,75,Unlimited,39.9,4,219,13,1
13,Postpaid,TELESTRA,1,180,Unlimited,62,76,339,15,0.1
19,Prepaid,OPTUS,1,40,Unlimited,35,8,164,5,0.5
20,Postpaid,Vodafone,1,25,Unlimited,35,12,417,19,0.9
21,Prepaid,OPTUS,1,80,Unlimited,55,78,325,12,0.4
22,Postpaid,OPTUS,1,500,Unlimited,69,339,459,8,0.3
7,Prepaid,Vodafone,1,50,Unlimited,49,17,223,16,0.7
23,Postpaid,Southern Phone,2,19,Unlimited,19,18,184,5,0.6
13,Postpaid,TELESTRA,1,180,Unlimited,62,137,231,16,0.1
24,Postpaid,Kogan,2,40,Unlimited,25,23,414,3,0.3
25,Postpaid,Moose mobile,2,100,Unlimited,27.8,59,200,20,0.9
26,Prepaid,TELESTRA,1,35,Unlimited,35,20,185,2,0.9
1,Prepaid ,Vodafone,1,5,Unlimited,12,3,262,2,0.7
2,Prepaid,superloop,2,110,Unlimited,40,2,369,2,0.2
1,Prepaid ,Vodafone,1,5,Unlimited,12,2,246,9,0.1
3,Postpaid,iinet,2,55,Unlimited,20,14,311,7,0.4
4,Prepaid,LEBARA,2,25,Unlimited,24.9,25,243,13,1
5,Prepaid,superloop,2,10,Unlimited,20,10,211,20,0.4
4,Prepaid,LEBARA,2,25,Unlimited,24.9,14,442,2,0.3
6,Prepaid,everyday mobile from Woolworths,2,22,Unlimited,25,10,322,17,0.9
5,Postpaid,exetel,2,20,Unlimited,24,19,174,20,0.5
7,Prepaid,Vodafone,1,50,Unlimited,49,46,470,19,1
8,Postpaid,iinet,2,40,Unlimited,15,19,350,5,0.1
9,Postpaid,Vodafone,1,25,Unlimited,35,21,181,4,0.3
10,Postpaid,dodo,2,45,Unlimited,35,2,246,4,0.7
11,Prepaid,exetel,2,20,Unlimited,24,11,284,18,0.2
12,Postpaid,iinet,2,40,Unlimited,15,11,461,6,0.9
4,Prepaid,LEBARA,2,25,Unlimited,24.9,25,252,8,0.4
11,Prepaid,exetel,2,20,Unlimited,24,18,247,2,0.9
10,Postpaid,dodo,2,45,Unlimited,35,18,452,18,0.1
5,Prepaid,superloop,2,10,Unlimited,20,9,489,5,0.7
13,Postpaid,TELESTRA,1,180,Unlimited,62,27,368,6,0.5
10,Postpaid,dodo,2,45,Unlimited,35,34,224,17,0.8
14,Postpaid,spintel,2,25,Unlimited,14,19,359,14,0.2
7,Prepaid,Vodafone,1,50,Unlimited,49,25,409,6,0.6
11,Prepaid,exetel,2,20,Unlimited,24,14,418,16,0.9
15,Postpaid,OPTUS,1,80,Unlimited,55,76,157,17,1
16,Postpaid,OPTUS,1,50,Unlimited,52,46,110,14,0.2
17,Postpaid,CIRCLES.LIFE,2,120,Unlimited,28,82,352,6,0.8
9,Prepaid,Vodafone,1,25,Unlimited,35,8,239,14,0.1
18,Prepaid,Yomojo,2,75,Unlimited,39.9,36,269,6,0.7
13,Postpaid,TELESTRA,1,180,Unlimited,62,109,261,16,0.8
19,Prepaid,OPTUS,1,40,Unlimited,35,28,341,6,0.4
20,Postpaid,Vodafone,1,25,Unlimited,35,20,131,19,0.6
21,Prepaid,OPTUS,1,80,Unlimited,55,49,353,20,0.4
22,Postpaid,OPTUS,1,500,Unlimited,69,361,138,17,0.6
7,Prepaid,Vodafone,1,50,Unlimited,49,49,294,2,0.8
23,Postpaid,Southern Phone,2,19,Unlimited,19,11,198,17,0.4
13,Postpaid,TELESTRA,1,180,Unlimited,62,99,477,9,0.1
24,Postpaid,Kogan,2,40,Unlimited,25,25,429,15,0.8
25,Postpaid,Moose mobile,2,100,Unlimited,27.8,45,332,17,0.6
26,Prepaid,TELESTRA,1,35,Unlimited,35,11,356,6,0.4
1,Prepaid ,Vodafone,1,5,Unlimited,12,4,275,15,0.1
2,Prepaid,superloop,2,110,Unlimited,40,99,138,14,1
1,Prepaid ,Vodafone,1,5,Unlimited,12,4,426,17,0.4
3,Postpaid,iinet,2,55,Unlimited,20,11,339,8,0.2
4,Prepaid,LEBARA,2,25,Unlimited,24.9,24,175,20,0.9
5,Prepaid,superloop,2,10,Unlimited,20,7,429,11,1
4,Prepaid,LEBARA,2,25,Unlimited,24.9,17,288,14,0.7
6,Prepaid,everyday mobile from Woolworths,2,22,Unlimited,25,15,387,5,0.3
5,Postpaid,exetel,2,20,Unlimited,24,16,409,6,0.5
7,Prepaid,Vodafone,1,50,Unlimited,49,10,362,7,0.2
8,Postpaid,iinet,2,40,Unlimited,15,12,493,17,0.7
9,Postpaid,Vodafone,1,25,Unlimited,35,2,244,8,0.4
10,Postpaid,dodo,2,45,Unlimited,35,20,317,15,0.1
11,Prepaid,exetel,2,20,Unlimited,24,13,468,15,0.4
12,Postpaid,iinet,2,40,Unlimited,15,29,440,5,0.4
4,Prepaid,LEBARA,2,25,Unlimited,24.9,4,500,7,0.3
11,Prepaid,exetel,2,20,Unlimited,24,4,356,20,0.4
10,Postpaid,dodo,2,45,Unlimited,35,14,272,4,0.7
5,Prepaid,superloop,2,10,Unlimited,20,8,206,14,0.4
13,Postpaid,TELESTRA,1,180,Unlimited,62,169,210,3,0.4
10,Postpaid,dodo,2,45,Unlimited,35,30,260,10,0.1
14,Postpaid,spintel,2,25,Unlimited,14,2,425,12,0.7
7,Prepaid,Vodafone,1,50,Unlimited,49,26,331,18,0.9
11,Prepaid,exetel,2,20,Unlimited,24,18,111,18,0.7
15,Postpaid,OPTUS,1,80,Unlimited,55,67,435,3,0.7
16,Postpaid,OPTUS,1,50,Unlimited,52,24,282,15,0.9
17,Postpaid,CIRCLES.LIFE,2,120,Unlimited,28,57,424,13,0.9
9,Prepaid,Vodafone,1,25,Unlimited,35,9,432,20,0.6
18,Prepaid,Yomojo,2,75,Unlimited,39.9,39,271,20,0.2
13,Postpaid,TELESTRA,1,180,Unlimited,62,98,303,13,0.2
19,Prepaid,OPTUS,1,40,Unlimited,35,16,321,3,0.3
20,Postpaid,Vodafone,1,25,Unlimited,35,21,133,12,0.3
21,Prepaid,OPTUS,1,80,Unlimited,55,53,191,18,0.8
22,Postpaid,OPTUS,1,500,Unlimited,69,122,335,11,0.5
7,Prepaid,Vodafone,1,50,Unlimited,49,39,169,8,0.4
23,Postpaid,Southern Phone,2,19,Unlimited,19,19,142,16,0.8
13,Postpaid,TELESTRA,1,180,Unlimited,62,40,431,3,0.9
24,Postpaid,Kogan,2,40,Unlimited,25,26,408,12,0.4
25,Postpaid,Moose mobile,2,100,Unlimited,27.8,65,119,6,0.3
26,Prepaid,TELESTRA,1,35,Unlimited,35,31,427,18,0.4
1,Prepaid ,Vodafone,1,5,Unlimited,12,3,476,4,0.1
2,Prepaid,superloop,2,110,Unlimited,40,14,171,3,0.1
1,Prepaid ,Vodafone,1,5,Unlimited,12,2,393,5,0.2
3,Postpaid,iinet,2,55,Unlimited,20,32,339,16,0.9
4,Prepaid,LEBARA,2,25,Unlimited,24.9,16,471,7,0.6
5,Prepaid,superloop,2,10,Unlimited,20,9,174,3,0.7
4,Prepaid,LEBARA,2,25,Unlimited,24.9,23,221,6,0.7
6,Prepaid,everyday mobile from Woolworths,2,22,Unlimited,25,3,484,6,0.4
5,Postpaid,exetel,2,20,Unlimited,24,8,399,8,0.1
7,Prepaid,Vodafone,1,50,Unlimited,49,34,480,14,0.2
8,Postpaid,iinet,2,40,Unlimited,15,13,465,18,0.5
9,Postpaid,Vodafone,1,25,Unlimited,35,21,480,15,0.7
10,Postpaid,dodo,2,45,Unlimited,35,31,129,10,0.2
11,Prepaid,exetel,2,20,Unlimited,24,17,182,6,0.3
12,Postpaid,iinet,2,40,Unlimited,15,7,310,4,0.9
4,Prepaid,LEBARA,2,25,Unlimited,24.9,9,455,16,0.7
11,Prepaid,exetel,2,20,Unlimited,24,7,124,9,0.3
10,Postpaid,dodo,2,45,Unlimited,35,25,434,20,0.4
5,Prepaid,superloop,2,10,Unlimited,20,2,208,11,0.3
13,Postpaid,TELESTRA,1,180,Unlimited,62,171,414,15,0.2
10,Postpaid,dodo,2,45,Unlimited,35,36,275,7,0.7
14,Postpaid,spintel,2,25,Unlimited,14,10,291,5,0.7
7,Prepaid,Vodafone,1,50,Unlimited,49,18,493,2,0.7
11,Prepaid,exetel,2,20,Unlimited,24,19,291,19,0.4
15,Postpaid,OPTUS,1,80,Unlimited,55,64,212,14,0.9
16,Postpaid,OPTUS,1,50,Unlimited,52,46,137,8,0.1
17,Postpaid,CIRCLES.LIFE,2,120,Unlimited,28,81,455,19,0.9
9,Prepaid,Vodafone,1,25,Unlimited,35,2,228,3,0.1
18,Prepaid,Yomojo,2,75,Unlimited,39.9,48,211,12,0.6
13,Postpaid,TELESTRA,1,180,Unlimited,62,163,189,8,0.3
19,Prepaid,OPTUS,1,40,Unlimited,35,15,204,5,0.2
20,Postpaid,Vodafone,1,25,Unlimited,35,9,442,9,0.6
21,Prepaid,OPTUS,1,80,Unlimited,55,18,395,20,0.6
22,Postpaid,OPTUS,1,500,Unlimited,69,51,290,11,0.7
7,Prepaid,Vodafone,1,50,Unlimited,49,21,412,11,0.2
23,Postpaid,Southern Phone,2,19,Unlimited,19,17,429,16,0.3
13,Postpaid,TELESTRA,1,180,Unlimited,62,41,382,20,0.2
24,Postpaid,Kogan,2,40,Unlimited,25,25,416,13,0.8
25,Postpaid,Moose mobile,2,100,Unlimited,27.8,55,164,2,0.8
26,Prepaid,TELESTRA,1,35,Unlimited,35,3,231,14,0.9
1,Prepaid ,Vodafone,1,5,Unlimited,12,3,473,18,1
2,Prepaid,superloop,2,110,Unlimited,40,44,349,13,0.7
1,Prepaid ,Vodafone,1,5,Unlimited,12,5,183,13,0.3
3,Postpaid,iinet,2,55,Unlimited,20,17,252,20,0.3
4,Prepaid,LEBARA,2,25,Unlimited,24.9,21,248,16,0.9
5,Prepaid,superloop,2,10,Unlimited,20,7,183,17,0.6
4,Prepaid,LEBARA,2,25,Unlimited,24.9,17,242,14,0.8
6,Prepaid,everyday mobile from Woolworths,2,22,Unlimited,25,19,166,17,0.5
5,Postpaid,exetel,2,20,Unlimited,24,18,241,9,0.6
7,Prepaid,Vodafone,1,50,Unlimited,49,11,425,3,0.5
8,Postpaid,iinet,2,40,Unlimited,15,2,445,7,0.7
9,Postpaid,Vodafone,1,25,Unlimited,35,23,156,17,0.3
10,Postpaid,dodo,2,45,Unlimited,35,42,156,2,0.3
11,Prepaid,exetel,2,20,Unlimited,24,10,385,15,0.4
12,Postpaid,iinet,2,40,Unlimited,15,39,436,15,0.4
4,Prepaid,LEBARA,2,25,Unlimited,24.9,6,123,10,0.6
11,Prepaid,exetel,2,20,Unlimited,24,5,124,15,1
10,Postpaid,dodo,2,45,Unlimited,35,10,163,16,0.7
5,Prepaid,superloop,2,10,Unlimited,20,8,161,19,0.9
13,Postpaid,TELESTRA,1,180,Unlimited,62,124,396,16,0.7
10,Postpaid,dodo,2,45,Unlimited,35,9,232,3,0.4
14,Postpaid,spintel,2,25,Unlimited,14,5,400,3,1
7,Prepaid,Vodafone,1,50,Unlimited,49,27,258,3,0.6
11,Prepaid,exetel,2,20,Unlimited,24,7,445,2,0.2
15,Postpaid,OPTUS,1,80,Unlimited,55,29,358,2,0.1
16,Postpaid,OPTUS,1,50,Unlimited,52,28,120,6,0.6
17,Postpaid,CIRCLES.LIFE,2,120,Unlimited,28,120,385,20,1
9,Prepaid,Vodafone,1,25,Unlimited,35,12,387,17,1
18,Prepaid,Yomojo,2,75,Unlimited,39.9,38,365,8,0.6
13,Postpaid,TELESTRA,1,180,Unlimited,62,76,200,8,1
19,Prepaid,OPTUS,1,40,Unlimited,35,8,276,19,0.5
20,Postpaid,Vodafone,1,25,Unlimited,35,11,405,3,0.9
21,Prepaid,OPTUS,1,80,Unlimited,55,21,152,16,0.2
22,Postpaid,OPTUS,1,500,Unlimited,69,264,458,10,0.9
7,Prepaid,Vodafone,1,50,Unlimited,49,36,469,16,0.5
23,Postpaid,Southern Phone,2,19,Unlimited,19,10,384,13,0.6
13,Postpaid,TELESTRA,1,180,Unlimited,62,57,120,12,0.6
24,Postpaid,Kogan,2,40,Unlimited,25,23,225,19,0.7
25,Postpaid,Moose mobile,2,100,Unlimited,27.8,33,370,18,0.6
26,Prepaid,TELESTRA,1,35,Unlimited,35,12,166,8,0.6
1,Prepaid ,Vodafone,1,5,Unlimited,12,3,191,20,0.9
2,Prepaid,superloop,2,110,Unlimited,40,68,111,14,0.3
1,Prepaid ,Vodafone,1,5,Unlimited,12,2,414,13,0.1
3,Postpaid,iinet,2,55,Unlimited,20,44,343,5,0.9
4,Prepaid,LEBARA,2,25,Unlimited,24.9,7,168,9,0.9
5,Prepaid,superloop,2,10,Unlimited,20,9,310,3,0.2
4,Prepaid,LEBARA,2,25,Unlimited,24.9,18,355,10,1
6,Prepaid,everyday mobile from Woolworths,2,22,Unlimited,25,12,244,17,0.3
5,Postpaid,exetel,2,20,Unlimited,24,6,166,8,0.1
7,Prepaid,Vodafone,1,50,Unlimited,49,7,249,10,0.6
8,Postpaid,iinet,2,40,Unlimited,15,25,417,19,0.1
9,Postpaid,Vodafone,1,25,Unlimited,35,10,494,12,0.4
10,Postpaid,dodo,2,45,Unlimited,35,45,398,11,0.9
11,Prepaid,exetel,2,20,Unlimited,24,12,193,18,0.4
12,Postpaid,iinet,2,40,Unlimited,15,15,321,15,0.3
4,Prepaid,LEBARA,2,25,Unlimited,24.9,22,152,7,0.7
11,Prepaid,exetel,2,20,Unlimited,24,2,331,5,1
10,Postpaid,dodo,2,45,Unlimited,35,24,312,10,1
5,Prepaid,superloop,2,10,Unlimited,20,6,275,6,0.7
13,Postpaid,TELESTRA,1,180,Unlimited,62,155,230,14,0.3
10,Postpaid,dodo,2,45,Unlimited,35,4,232,3,0.8
14,Postpaid,spintel,2,25,Unlimited,14,12,495,9,0.5
7,Prepaid,Vodafone,1,50,Unlimited,49,19,162,17,0.1
11,Prepaid,exetel,2,20,Unlimited,24,12,291,13,0.8
15,Postpaid,OPTUS,1,80,Unlimited,55,52,176,5,0.8
16,Postpaid,OPTUS,1,50,Unlimited,52,10,343,14,0.7
17,Postpaid,CIRCLES.LIFE,2,120,Unlimited,28,58,452,18,0.4
9,Prepaid,Vodafone,1,25,Unlimited,35,6,496,19,1
18,Prepaid,Yomojo,2,75,Unlimited,39.9,41,318,3,1
13,Postpaid,TELESTRA,1,180,Unlimited,62,89,444,3,0.6
19,Prepaid,OPTUS,1,40,Unlimited,35,24,284,5,0.5
20,Postpaid,Vodafone,1,25,Unlimited,35,20,137,20,0.7
21,Prepaid,OPTUS,1,80,Unlimited,55,4,156,3,0.8
22,Postpaid,OPTUS,1,500,Unlimited,69,379,184,18,0.7
7,Prepaid,Vodafone,1,50,Unlimited,49,46,143,14,0.1
23,Postpaid,Southern Phone,2,19,Unlimited,19,18,158,2,0.6
13,Postpaid,TELESTRA,1,180,Unlimited,62,9,462,12,0.6
24,Postpaid,Kogan,2,40,Unlimited,25,39,274,15,0.5
25,Postpaid,Moose mobile,2,100,Unlimited,27.8,49,446,8,0.7
26,Prepaid,TELESTRA,1,35,Unlimited,35,5,253,11,0.1
1,Prepaid ,Vodafone,1,5,Unlimited,12,5,169,13,0.9
2,Prepaid,superloop,2,110,Unlimited,40,7,296,17,0.8
1,Prepaid ,Vodafone,1,5,Unlimited,12,5,254,5,0.2
3,Postpaid,iinet,2,55,Unlimited,20,5,499,7,0.6
4,Prepaid,LEBARA,2,25,Unlimited,24.9,2,387,19,0.9
5,Prepaid,superloop,2,10,Unlimited,20,3,299,9,0.6
4,Prepaid,LEBARA,2,25,Unlimited,24.9,3,207,7,0.4
6,Prepaid,everyday mobile from Woolworths,2,22,Unlimited,25,17,151,18,0.7
5,Postpaid,exetel,2,20,Unlimited,24,2,286,16,0.1
7,Prepaid,Vodafone,1,50,Unlimited,49,29,258,10,0.5
8,Postpaid,iinet,2,40,Unlimited,15,38,379,15,0.5
9,Postpaid,Vodafone,1,25,Unlimited,35,23,175,13,0.8
10,Postpaid,dodo,2,45,Unlimited,35,9,296,14,0.9
11,Prepaid,exetel,2,20,Unlimited,24,11,187,4,0.3
12,Postpaid,iinet,2,40,Unlimited,15,15,317,5,1
4,Prepaid,LEBARA,2,25,Unlimited,24.9,7,156,2,0.6
11,Prepaid,exetel,2,20,Unlimited,24,20,496,20,0.2
10,Postpaid,dodo,2,45,Unlimited,35,9,161,6,1
5,Prepaid,superloop,2,10,Unlimited,20,5,500,10,0.9
13,Postpaid,TELESTRA,1,180,Unlimited,62,45,439,19,0.6
10,Postpaid,dodo,2,45,Unlimited,35,11,294,12,0.5
14,Postpaid,spintel,2,25,Unlimited,14,22,123,18,0.7
7,Prepaid,Vodafone,1,50,Unlimited,49,24,218,6,0.9
11,Prepaid,exetel,2,20,Unlimited,24,16,186,18,1
15,Postpaid,OPTUS,1,80,Unlimited,55,14,432,2,1
16,Postpaid,OPTUS,1,50,Unlimited,52,31,176,20,0.2
17,Postpaid,CIRCLES.LIFE,2,120,Unlimited,28,24,492,4,1
9,Prepaid,Vodafone,1,25,Unlimited,35,17,138,14,0.8
18,Prepaid,Yomojo,2,75,Unlimited,39.9,29,277,8,0.9
13,Postpaid,TELESTRA,1,180,Unlimited,62,169,370,3,0.7
19,Prepaid,OPTUS,1,40,Unlimited,35,31,117,4,0.3
20,Postpaid,Vodafone,1,25,Unlimited,35,21,448,3,0.9
21,Prepaid,OPTUS,1,80,Unlimited,55,39,352,9,0.3
22,Postpaid,OPTUS,1,500,Unlimited,69,353,488,3,0.5
7,Prepaid,Vodafone,1,50,Unlimited,49,35,366,7,0.9
23,Postpaid,Southern Phone,2,19,Unlimited,19,19,306,19,0.1
13,Postpaid,TELESTRA,1,180,Unlimited,62,133,290,9,0.5
24,Postpaid,Kogan,2,40,Unlimited,25,8,235,2,0.3
25,Postpaid,Moose mobile,2,100,Unlimited,27.8,49,385,13,0.2
26,Prepaid,TELESTRA,1,35,Unlimited,35,8,167,11,0.2
1,Prepaid ,Vodafone,1,5,Unlimited,12,5,170,15,0.2
2,Prepaid,superloop,2,110,Unlimited,40,11,472,14,0.6
1,Prepaid ,Vodafone,1,5,Unlimited,12,2,338,9,0.2
3,Postpaid,iinet,2,55,Unlimited,20,15,387,14,0.5
4,Prepaid,LEBARA,2,25,Unlimited,24.9,6,472,14,0.1
5,Prepaid,superloop,2,10,Unlimited,20,7,275,3,0.8
4,Prepaid,LEBARA,2,25,Unlimited,24.9,14,217,3,0.2
6,Prepaid,everyday mobile from Woolworths,2,22,Unlimited,25,15,337,11,0.2
5,Postpaid,exetel,2,20,Unlimited,24,13,456,5,0.3
7,Prepaid,Vodafone,1,50,Unlimited,49,46,111,7,0.2
8,Postpaid,iinet,2,40,Unlimited,15,38,443,4,0.6
9,Postpaid,Vodafone,1,25,Unlimited,35,16,169,19,0.4
10,Postpaid,dodo,2,45,Unlimited,35,27,490,9,0.7
11,Prepaid,exetel,2,20,Unlimited,24,6,327,13,1
12,Postpaid,iinet,2,40,Unlimited,15,19,288,16,0.6
4,Prepaid,LEBARA,2,25,Unlimited,24.9,18,358,11,0.3
11,Prepaid,exetel,2,20,Unlimited,24,8,261,4,0.9
10,Postpaid,dodo,2,45,Unlimited,35,19,464,11,0.4
5,Prepaid,superloop,2,10,Unlimited,20,3,248,14,0.8
13,Postpaid,TELESTRA,1,180,Unlimited,62,154,351,2,0.8
10,Postpaid,dodo,2,45,Unlimited,35,3,176,9,0.7
14,Postpaid,spintel,2,25,Unlimited,14,9,114,4,0.8
7,Prepaid,Vodafone,1,50,Unlimited,49,8,156,11,1
11,Prepaid,exetel,2,20,Unlimited,24,10,217,9,0.7
15,Postpaid,OPTUS,1,80,Unlimited,55,60,190,19,1
16,Postpaid,OPTUS,1,50,Unlimited,52,29,276,19,0.1
17,Postpaid,CIRCLES.LIFE,2,120,Unlimited,28,85,405,5,0.8
9,Prepaid,Vodafone,1,25,Unlimited,35,6,419,11,0.5
18,Prepaid,Yomojo,2,75,Unlimited,39.9,73,289,11,0.6
13,Postpaid,TELESTRA,1,180,Unlimited,62,95,343,11,0.8
19,Prepaid,OPTUS,1,40,Unlimited,35,3,416,12,0.4
20,Postpaid,Vodafone,1,25,Unlimited,35,13,480,2,1
21,Prepaid,OPTUS,1,80,Unlimited,55,77,408,4,0.3
22,Postpaid,OPTUS,1,500,Unlimited,69,30,295,10,0.2
7,Prepaid,Vodafone,1,50,Unlimited,49,47,283,14,0.4
23,Postpaid,Southern Phone,2,19,Unlimited,19,14,345,17,0.6
13,Postpaid,TELESTRA,1,180,Unlimited,62,117,451,13,0.9
24,Postpaid,Kogan,2,40,Unlimited,25,32,330,5,0.3
25,Postpaid,Moose mobile,2,100,Unlimited,27.8,99,384,20,0.7
26,Prepaid,TELESTRA,1,35,Unlimited,35,5,192,3,0.5
1,Prepaid ,Vodafone,1,5,Unlimited,12,4,413,4,0.8
2,Prepaid,superloop,2,110,Unlimited,40,110,237,5,0.8
1,Prepaid ,Vodafone,1,5,Unlimited,12,2,180,3,0.6
3,Postpaid,iinet,2,55,Unlimited,20,39,264,15,0.3
4,Prepaid,LEBARA,2,25,Unlimited,24.9,18,401,15,0.2
5,Prepaid,superloop,2,10,Unlimited,20,3,173,7,0.1
4,Prepaid,LEBARA,2,25,Unlimited,24.9,23,128,4,0.7
6,Prepaid,everyday mobile from Woolworths,2,22,Unlimited,25,6,489,3,1
5,Postpaid,exetel,2,20,Unlimited,24,10,444,16,0.5
7,Prepaid,Vodafone,1,50,Unlimited,49,38,138,7,0.6
8,Postpaid,iinet,2,40,Unlimited,15,14,142,19,0.7
9,Postpaid,Vodafone,1,25,Unlimited,35,11,366,18,0.6
10,Postpaid,dodo,2,45,Unlimited,35,15,161,18,0.7
11,Prepaid,exetel,2,20,Unlimited,24,5,276,19,0.5
12,Postpaid,iinet,2,40,Unlimited,15,7,341,20,0.5
4,Prepaid,LEBARA,2,25,Unlimited,24.9,21,305,7,0.7
11,Prepaid,exetel,2,20,Unlimited,24,3,259,11,0.5
10,Postpaid,dodo,2,45,Unlimited,35,44,441,4,0.6
5,Prepaid,superloop,2,10,Unlimited,20,8,226,15,0.1
13,Postpaid,TELESTRA,1,180,Unlimited,62,43,305,12,0.3
10,Postpaid,dodo,2,45,Unlimited,35,21,379,8,0.7
14,Postpaid,spintel,2,25,Unlimited,14,25,288,17,0.3
7,Prepaid,Vodafone,1,50,Unlimited,49,40,132,20,0.6
11,Prepaid,exetel,2,20,Unlimited,24,9,260,11,0.9
15,Postpaid,OPTUS,1,80,Unlimited,55,74,434,15,0.3
16,Postpaid,OPTUS,1,50,Unlimited,52,29,443,20,0.3
17,Postpaid,CIRCLES.LIFE,2,120,Unlimited,28,111,396,7,0.7
9,Prepaid,Vodafone,1,25,Unlimited,35,15,165,9,0.2
18,Prepaid,Yomojo,2,75,Unlimited,39.9,57,373,8,0.3
13,Postpaid,TELESTRA,1,180,Unlimited,62,153,357,17,1
19,Prepaid,OPTUS,1,40,Unlimited,35,17,373,13,0.7
20,Postpaid,Vodafone,1,25,Unlimited,35,22,333,8,0.3
21,Prepaid,OPTUS,1,80,Unlimited,55,63,322,7,0.2
22,Postpaid,OPTUS,1,500,Unlimited,69,375,203,2,1
7,Prepaid,Vodafone,1,50,Unlimited,49,41,470,14,0.2
23,Postpaid,Southern Phone,2,19,Unlimited,19,15,213,11,0.2
13,Postpaid,TELESTRA,1,180,Unlimited,62,63,337,11,0.4
24,Postpaid,Kogan,2,40,Unlimited,25,31,410,18,0.9
25,Postpaid,Moose mobile,2,100,Unlimited,27.8,47,196,15,0.2
26,Prepaid,TELESTRA,1,35,Unlimited,35,32,320,15,0.5
1,Prepaid ,Vodafone,1,5,Unlimited,12,3,223,8,0.8
2,Prepaid,superloop,2,110,Unlimited,40,107,158,14,0.6
1,Prepaid ,Vodafone,1,5,Unlimited,12,2,217,15,0.1
3,Postpaid,iinet,2,55,Unlimited,20,39,455,17,1
4,Prepaid,LEBARA,2,25,Unlimited,24.9,7,190,19,0.9
5,Prepaid,superloop,2,10,Unlimited,20,3,266,8,1
4,Prepaid,LEBARA,2,25,Unlimited,24.9,3,419,14,0.7
6,Prepaid,everyday mobile from Woolworths,2,22,Unlimited,25,15,410,7,0.8
5,Postpaid,exetel,2,20,Unlimited,24,19,390,14,0.6
7,Prepaid,Vodafone,1,50,Unlimited,49,10,431,4,0.4
8,Postpaid,iinet,2,40,Unlimited,15,23,327,15,0.4
9,Postpaid,Vodafone,1,25,Unlimited,35,24,191,18,0.6
10,Postpaid,dodo,2,45,Unlimited,35,16,134,2,0.4
11,Prepaid,exetel,2,20,Unlimited,24,17,179,4,0.9
12,Postpaid,iinet,2,40,Unlimited,15,3,388,20,1
4,Prepaid,LEBARA,2,25,Unlimited,24.9,3,470,17,0.3
11,Prepaid,exetel,2,20,Unlimited,24,3,208,15,0.5
10,Postpaid,dodo,2,45,Unlimited,35,37,416,9,0.9
5,Prepaid,superloop,2,10,Unlimited,20,4,163,14,1
13,Postpaid,TELESTRA,1,180,Unlimited,62,74,306,14,0.7
10,Postpaid,dodo,2,45,Unlimited,35,8,148,11,0.9
14,Postpaid,spintel,2,25,Unlimited,14,12,392,15,0.4
7,Prepaid,Vodafone,1,50,Unlimited,49,40,254,20,0.1
11,Prepaid,exetel,2,20,Unlimited,24,20,145,13,0.9
15,Postpaid,OPTUS,1,80,Unlimited,55,76,419,4,0.4
16,Postpaid,OPTUS,1,50,Unlimited,52,32,278,3,0.1
17,Postpaid,CIRCLES.LIFE,2,120,Unlimited,28,110,437,14,0.2
9,Prepaid,Vodafone,1,25,Unlimited,35,7,494,11,0.2
18,Prepaid,Yomojo,2,75,Unlimited,39.9,20,456,10,0.4
13,Postpaid,TELESTRA,1,180,Unlimited,62,88,494,7,0.9
19,Prepaid,OPTUS,1,40,Unlimited,35,3,391,19,0.5
20,Postpaid,Vodafone,1,25,Unlimited,35,5,352,16,0.4
21,Prepaid,OPTUS,1,80,Unlimited,55,46,164,14,0.4
22,Postpaid,OPTUS,1,500,Unlimited,69,362,234,19,0.2
7,Prepaid,Vodafone,1,50,Unlimited,49,47,110,8,1
23,Postpaid,Southern Phone,2,19,Unlimited,19,14,136,4,0.5
13,Postpaid,TELESTRA,1,180,Unlimited,62,37,434,7,0.2
24,Postpaid,Kogan,2,40,Unlimited,25,12,325,6,1
25,Postpaid,Moose mobile,2,100,Unlimited,27.8,92,454,4,0.9
26,Prepaid,TELESTRA,1,35,Unlimited,35,21,294,15,0.5
1,Prepaid ,Vodafone,1,5,Unlimited,12,5,299,2,0.3
2,Prepaid,superloop,2,110,Unlimited,40,25,221,18,0.8
1,Prepaid ,Vodafone,1,5,Unlimited,12,2,267,11,0.5
3,Postpaid,iinet,2,55,Unlimited,20,25,229,4,0.1
4,Prepaid,LEBARA,2,25,Unlimited,24.9,22,485,20,0.5
5,Prepaid,superloop,2,10,Unlimited,20,3,387,3,1
4,Prepaid,LEBARA,2,25,Unlimited,24.9,7,345,17,0.9
6,Prepaid,everyday mobile from Woolworths,2,22,Unlimited,25,9,453,6,0.5
5,Postpaid,exetel,2,20,Unlimited,24,19,328,17,0.1
7,Prepaid,Vodafone,1,50,Unlimited,49,40,443,7,0.4
8,Postpaid,iinet,2,40,Unlimited,15,6,282,11,0.6
9,Postpaid,Vodafone,1,25,Unlimited,35,18,391,10,0.1
10,Postpaid,dodo,2,45,Unlimited,35,8,240,15,0.8
11,Prepaid,exetel,2,20,Unlimited,24,10,171,13,0.3
12,Postpaid,iinet,2,40,Unlimited,15,21,448,14,0.4
4,Prepaid,LEBARA,2,25,Unlimited,24.9,13,491,12,0.6
11,Prepaid,exetel,2,20,Unlimited,24,4,360,19,1
10,Postpaid,dodo,2,45,Unlimited,35,40,289,3,0.4
5,Prepaid,superloop,2,10,Unlimited,20,8,298,15,0.2
13,Postpaid,TELESTRA,1,180,Unlimited,62,28,426,14,0.5
10,Postpaid,dodo,2,45,Unlimited,35,38,364,4,0.3
14,Postpaid,spintel,2,25,Unlimited,14,21,359,10,0.9
7,Prepaid,Vodafone,1,50,Unlimited,49,49,167,12,0.8
11,Prepaid,exetel,2,20,Unlimited,24,15,377,6,0.2
15,Postpaid,OPTUS,1,80,Unlimited,55,16,111,14,1
16,Postpaid,OPTUS,1,50,Unlimited,52,45,456,15,0.3
17,Postpaid,CIRCLES.LIFE,2,120,Unlimited,28,95,127,12,0.2
9,Prepaid,Vodafone,1,25,Unlimited,35,10,275,15,0.5
18,Prepaid,Yomojo,2,75,Unlimited,39.9,20,497,16,0.8
13,Postpaid,TELESTRA,1,180,Unlimited,62,62,447,6,0.5
19,Prepaid,OPTUS,1,40,Unlimited,35,20,430,12,0.6
20,Postpaid,Vodafone,1,25,Unlimited,35,20,494,19,1
21,Prepaid,OPTUS,1,80,Unlimited,55,52,205,13,1
22,Postpaid,OPTUS,1,500,Unlimited,69,384,140,6,0.7
7,Prepaid,Vodafone,1,50,Unlimited,49,20,120,5,1
23,Postpaid,Southern Phone,2,19,Unlimited,19,17,186,4,0.4
13,Postpaid,TELESTRA,1,180,Unlimited,62,68,112,7,1
24,Postpaid,Kogan,2,40,Unlimited,25,39,235,4,0.3
25,Postpaid,Moose mobile,2,100,Unlimited,27.8,86,162,6,0.1
26,Prepaid,TELESTRA,1,35,Unlimited,35,22,206,5,0.2
1,Prepaid ,Vodafone,1,5,Unlimited,12,4,287,17,1
2,Prepaid,superloop,2,110,Unlimited,40,37,399,15,0.1
1,Prepaid ,Vodafone,1,5,Unlimited,12,5,315,19,0.4
3,Postpaid,iinet,2,55,Unlimited,20,46,250,19,0.6
4,Prepaid,LEBARA,2,25,Unlimited,24.9,18,416,17,0.8
5,Prepaid,superloop,2,10,Unlimited,20,5,151,18,0.2
4,Prepaid,LEBARA,2,25,Unlimited,24.9,16,477,8,0.8
6,Prepaid,everyday mobile from Woolworths,2,22,Unlimited,25,6,137,20,0.1
5,Postpaid,exetel,2,20,Unlimited,24,5,332,3,0.8
7,Prepaid,Vodafone,1,50,Unlimited,49,40,465,17,0.5
8,Postpaid,iinet,2,40,Unlimited,15,35,202,17,0.2
9,Postpaid,Vodafone,1,25,Unlimited,35,22,176,10,0.8
10,Postpaid,dodo,2,45,Unlimited,35,3,401,14,0.1
11,Prepaid,exetel,2,20,Unlimited,24,17,480,12,0.5
12,Postpaid,iinet,2,40,Unlimited,15,14,419,13,1
4,Prepaid,LEBARA,2,25,Unlimited,24.9,4,351,20,1
11,Prepaid,exetel,2,20,Unlimited,24,4,136,15,0.1
10,Postpaid,dodo,2,45,Unlimited,35,6,113,13,0.6
5,Prepaid,superloop,2,10,Unlimited,20,3,182,9,0.1
13,Postpaid,TELESTRA,1,180,Unlimited,62,26,131,17,0.8
10,Postpaid,dodo,2,45,Unlimited,35,29,387,9,0.9
14,Postpaid,spintel,2,25,Unlimited,14,8,491,19,0.4
7,Prepaid,Vodafone,1,50,Unlimited,49,16,243,4,0.7
11,Prepaid,exetel,2,20,Unlimited,24,11,139,3,0.6
15,Postpaid,OPTUS,1,80,Unlimited,55,73,244,16,0.2
16,Postpaid,OPTUS,1,50,Unlimited,52,37,488,11,0.7
17,Postpaid,CIRCLES.LIFE,2,120,Unlimited,28,65,176,15,0.1
9,Prepaid,Vodafone,1,25,Unlimited,35,2,323,11,0.5
18,Prepaid,Yomojo,2,75,Unlimited,39.9,29,434,6,0.9
13,Postpaid,TELESTRA,1,180,Unlimited,62,74,184,15,0.2
19,Prepaid,OPTUS,1,40,Unlimited,35,18,353,13,1
20,Postpaid,Vodafone,1,25,Unlimited,35,10,224,17,0.6
21,Prepaid,OPTUS,1,80,Unlimited,55,63,258,19,0.1
22,Postpaid,OPTUS,1,500,Unlimited,69,496,494,9,0.1
7,Prepaid,Vodafone,1,50,Unlimited,49,33,451,6,0.2
23,Postpaid,Southern Phone,2,19,Unlimited,19,10,354,2,0.7
13,Postpaid,TELESTRA,1,180,Unlimited,62,32,426,13,0.3
24,Postpaid,Kogan,2,40,Unlimited,25,35,221,19,0.5
25,Postpaid,Moose mobile,2,100,Unlimited,27.8,10,191,7,0.4
26,Prepaid,TELESTRA,1,35,Unlimited,35,15,366,9,0.1
1,Prepaid ,Vodafone,1,5,Unlimited,12,4,345,7,0.5
2,Prepaid,superloop,2,110,Unlimited,40,96,460,12,0.2
1,Prepaid ,Vodafone,1,5,Unlimited,12,2,142,13,0.8
3,Postpaid,iinet,2,55,Unlimited,20,47,468,12,0.3
4,Prepaid,LEBARA,2,25,Unlimited,24.9,13,227,9,0.2
5,Prepaid,superloop,2,10,Unlimited,20,4,222,16,0.9
4,Prepaid,LEBARA,2,25,Unlimited,24.9,20,284,14,0.4
6,Prepaid,everyday mobile from Woolworths,2,22,Unlimited,25,18,175,2,0.1
5,Postpaid,exetel,2,20,Unlimited,24,14,213,3,1
7,Prepaid,Vodafone,1,50,Unlimited,49,26,278,9,0.5
8,Postpaid,iinet,2,40,Unlimited,15,31,173,8,0.3
9,Postpaid,Vodafone,1,25,Unlimited,35,17,128,15,1
10,Postpaid,dodo,2,45,Unlimited,35,44,494,4,0.2
11,Prepaid,exetel,2,20,Unlimited,24,14,271,3,0.9
12,Postpaid,iinet,2,40,Unlimited,15,8,230,20,0.9
4,Prepaid,LEBARA,2,25,Unlimited,24.9,14,182,18,0.9
11,Prepaid,exetel,2,20,Unlimited,24,19,196,16,0.2
10,Postpaid,dodo,2,45,Unlimited,35,16,125,11,1
5,Prepaid,superloop,2,10,Unlimited,20,10,158,14,0.7
13,Postpaid,TELESTRA,1,180,Unlimited,62,51,149,18,0.9
10,Postpaid,dodo,2,45,Unlimited,35,26,156,19,0.2
14,Postpaid,spintel,2,25,Unlimited,14,16,184,3,0.6
7,Prepaid,Vodafone,1,50,Unlimited,49,31,241,2,0.8
11,Prepaid,exetel,2,20,Unlimited,24,3,390,18,0.9
15,Postpaid,OPTUS,1,80,Unlimited,55,56,275,16,1
16,Postpaid,OPTUS,1,50,Unlimited,52,40,280,2,0.8
17,Postpaid,CIRCLES.LIFE,2,120,Unlimited,28,45,214,9,0.5
9,Prepaid,Vodafone,1,25,Unlimited,35,17,204,16,0.7
18,Prepaid,Yomojo,2,75,Unlimited,39.9,25,112,20,0.3
13,Postpaid,TELESTRA,1,180,Unlimited,62,98,477,2,0.7
19,Prepaid,OPTUS,1,40,Unlimited,35,28,110,7,0.1
20,Postpaid,Vodafone,1,25,Unlimited,35,24,178,20,0.6
21,Prepaid,OPTUS,1,80,Unlimited,55,80,236,15,0.4
22,Postpaid,OPTUS,1,500,Unlimited,69,80,319,17,0.1
7,Prepaid,Vodafone,1,50,Unlimited,49,12,236,13,0.7
23,Postpaid,Southern Phone,2,19,Unlimited,19,19,463,5,0.9
13,Postpaid,TELESTRA,1,180,Unlimited,62,59,216,16,0.6
24,Postpaid,Kogan,2,40,Unlimited,25,17,429,16,0.3
25,Postpaid,Moose mobile,2,100,Unlimited,27.8,79,335,6,1
26,Prepaid,TELESTRA,1,35,Unlimited,35,8,162,17,0.2
,,,,,,,,,,
,,,,,,,,,,
,,,,,,,,,,
,,,,,,,,,,
,,,,,,,,,,
,,,,,,,,,,
,,,,,,,,,,
,,,,,,,,,,
,,,,,,,,,,
,,,,,,,,,,
,,,,,,,,,,
,,,,,,,,,,
,,,,,,,,,,
,,,,,,,,,,
,,,,,,,,,,
,,,,,,,,,,
,,,,,,,,,,
,,,,,,,,,,
,,,,,,,,,,
,,,,,,,,,,
,,,,,,,,,,
,,,,,,,,,,
,,,,,,,,,,
,,,,,,,,,,
,,,,,,,,,,
,,,,,,,,,,
,,,,,,,,,,
,,,,,,,,,,
,,,,,,,,,,
,,,,,,,,,,
,,,,,,,,,,
,,,,,,,,,,
,,,,,,,,,,
,,,,,,,,,,
,,,,,,,,,,
,,,,,,,,,,
,,,,,,,,,,
,,,,,,,,,,
,,,,,,,,,,
,,,,,,,,,,
,,,,,,,,,,
,,,,,,,,,,
,,,,,,,,,,
,,,,,,,,,,
,,,,,,,,,,
,,,,,,,,,,
,,,,,,,,,,
,,,,,,,,,,
,,,,,,,,,,
,,,,,,,,,,
,,,,,,,,,,
,,,,,,,,,,
,,,,,,,,,,
,,,,,,,,,,
,,,,,,,,,,
,,,,,,,,,,
,,,,,,,,,,
,,,,,,,,,,
,,,,,,,,,,
,,,,,,,,,,
,,,,,,,,,,
,,,,,,,,,,
,,,,,,,,,,
,,,,,,,,,,
,,,,,,,,,,
,,,,,,,,,,
,,,,,,,,,,
,,,,,,,,,,
,,,,,,,,,,
,,,,,,,,,,
,,,,,,,,,,
,,,,,,,,,,
,,,,,,,,,,
,,,,,,,,,,
,,,,,,,,,,
,,,,,,,,,,
,,,,,,,,,,
,,,,,,,,,,
,,,,,,,,,,
,,,,,,,,,,
,,,,,,,,,,
,,,,,,,,,,
,,,,,,,,,,
,,,,,,,,,,
,,,,,,,,,,
,,,,,,,,,,
,,,,,,,,,,
,,,,,,,,,,
,,,,,,,,,,
,,,,,,,,,,
,,,,,,,,,,
,,,,,,,,,,
,,,,,,,,,,
,,,,,,,,,,
,,,,,,,,,,
,,,,,,,,,,
,,,,,,,,,,
,,,,,,,,,,
,,,,,,,,,,
,,,,,,,,,,
,,,,,,,,,,
,,,,,,,,,,
,,,,,,,,,,
,,,,,,,,,,
,,,,,,,,,,
,,,,,,,,,,
,,,,,,,,,,
,,,,,,,,,,
,,,,,,,,,,
,,,,,,,,,,
,,,,,,,,,,
,,,,,,,,,,
,,,,,,,,,,
,,,,,,,,,,
,,,,,,,,,,
,,,,,,,,,,
,,,,,,,,,,
,,,,,,,,,,
,,,,,,,,,,
,,,,,,,,,,
,,,,,,,,,,
,,,,,,,,,,
,,,,,,,,,,
,,,,,,,,,,
,,,,,,,,,,
,,,,,,,,,,
,,,,,,,,,,
,,,,,,,,,,
,,,,,,,,,,
,,,,,,,,,,
,,,,,,,,,,
,,,,,,,,,,
,,,,,,,,,,
,,,,,,,,,,
,,,,,,,,,,
,,,,,,,,,,
,,,,,,,,,,
,,,,,,,,,,
,,,,,,,,,,
,,,,,,,,,,
,,,,,,,,,,
,,,,,,,,,,
,,,,,,,,,,
,,,,,,,,,,
,,,,,,,,,,
,,,,,,,,,,
,,,,,,,,,,
,,,,,,,,,,
,,,,,,,,,,
,,,,,,,,,,
,,,,,,,,,,
,,,,,,,,,,
,,,,,,,,,,
,,,,,,,,,,
,,,,,,,,,,
,,,,,,,,,,
,,,,,,,,,,
,,,,,,,,,,
,,,,,,,,,,
,,,,,,,,,,
,,,,,,,,,,
,,,,,,,,,,
,,,,,,,,,,
,,,,,,,,,,
,,,,,,,,,,
,,,,,,,,,,
,,,,,,,,,,
,,,,,,,,,,
,,,,,,,,,,
,,,,,,,,,,
,,,,,,,,,,
,,,,,,,,,,
,,,,,,,,,,
,,,,,,,,,,
,,,,,,,,,,
,,,,,,,,,,
,,,,,,,,,,
,,,,,,,,,,
,,,,,,,,,,
,,,,,,,,,,
,,,,,,,,,,
,,,,,,,,,,
,,,,,,,,,,
,,,,,,,,,,
,,,,,,,,,,
,,,,,,,,,,
,,,,,,,,,,
,,,,,,,,,,
,,,,,,,,,,
,,,,,,,,,,
,,,,,,,,,,
,,,,,,,,,,
,,,,,,,,,,
,,,,,,,,,,
,,,,,,,,,,
,,,,,,,,,,
,,,,,,,,,,
,,,,,,,,,,
,,,,,,,,,,
,,,,,,,,,,
,,,,,,,,,,
,,,,,,,,,,
,,,,,,,,,,
,,,,,,,,,,
,,,,,,,,,,
,,,,,,,,,,
,,,,,,,,,,
,,,,,,,,,,
,,,,,,,,,,
,,,,,,,,,,
,,,,,,,,,,
,,,,,,,,,,
,,,,,,,,,,
,,,,,,,,,,
,,,,,,,,,,
,,,,,,,,,,
,,,,,,,,,,
,,,,,,,,,,
,,,,,,,,,,
,,,,,,,,,,
,,,,,,,,,,
,,,,,,,,,,
,,,,,,,,,,
,,,,,,,,,,
,,,,,,,,,,
,,,,,,,,,,
,,,,,,,,,,
,,,,,,,,,,
,,,,,,,,,,
,,,,,,,,,,
,,,,,,,,,,
,,,,,,,,,,
,,,,,,,,,,
,,,,,,,,,,
,,,,,,,,,,
,,,,,,,,,,
,,,,,,,,,,
,,,,,,,,,,
,,,,,,,,,,
,,,,,,,,,,
,,,,,,,,,,
,,,,,,,,,,
,,,,,,,,,,
,,,,,,,,,,
,,,,,,,,,,
,,,,,,,,,,
,,,,,,,,,,
,,,,,,,,,,
,,,,,,,,,,
,,,,,,,,,,
,,,,,,,,,,
,,,,,,,,,,
,,,,,,,,,,
,,,,,,,,,,
,,,,,,,,,,
,,,,,,,,,,
,,,,,,,,,,
,,,,,,,,,,
,,,,,,,,,,
,,,,,,,,,,
,,,,,,,,,,
,,,,,,,,,,
,,,,,,,,,,
,,,,,,,,,,
,,,,,,,,,,
,,,,,,,,,,
,,,,,,,,,,
,,,,,,,,,,
,,,,,,,,,,
,,,,,,,,,,
,,,,,,,,,,
,,,,,,,,,,
,,,,,,,,,,
,,,,,,,,,,
,,,,,,,,,,
,,,,,,,,,,
,,,,,,,,,,
,,,,,,,,,,
,,,,,,,,,,
,,,,,,,,,,
,,,,,,,,,,
,,,,,,,,,,
,,,,,,,,,,
,,,,,,,,,,
,,,,,,,,,,
,,,,,,,,,,
,,,,,,,,,,
,,,,,,,,,,
,,,,,,,,,,
,,,,,,,,,,
,,,,,,,,,,
,,,,,,,,,,
,,,,,,,,,,
,,,,,,,,,,
,,,,,,,,,,
,,,,,,,,,,
,,,,,,,,,,
,,,,,,,,,,
,,,,,,,,,,
,,,,,,,,,,
,,,,,,,,,,
,,,,,,,,,,
,,,,,,,,,,
,,,,,,,,,,
,,,,,,,,,,
,,,,,,,,,,
,,,,,,,,,,
,,,,,,,,,,
,,,,,,,,,,
,,,,,,,,,,
,,,,,,,,,,
,,,,,,,,,,
,,,,,,,,,,
,,,,,,,,,,
,,,,,,,,,,
,,,,,,,,,,
,,,,,,,,,,
,,,,,,,,,,
,,,,,,,,,,
,,,,,,,,,,
,,,,,,,,,,
,,,,,,,,,,
,,,,,,,,,,
,,,,,,,,,,
,,,,,,,,,,
,,,,,,,,,,
,,,,,,,,,,
,,,,,,,,,,
,,,,,,,,,,
,,,,,,,,,,
,,,,,,,,,,
,,,,,,,,,,
,,,,,,,,,,
,,,,,,,,,,
,,,,,,,,,,
,,,,,,,,,,
,,,,,,,,,,
,,,,,,,,,,
,,,,,,,,,,
,,,,,,,,,,
,,,,,,,,,,
,,,,,,,,,,
,,,,,,,,,,
,,,,,,,,,,
,,,,,,,,,,
,,,,,,,,,,
,,,,,,,,,,
,,,,,,,,,,
,,,,,,,,,,
,,,,,,,,,,
,,,,,,,,,,
,,,,,,,,,,
,,,,,,,,,,
,,,,,,,,,,
,,,,,,,,,,
,,,,,,,,,,
,,,,,,,,,,
,,,,,,,,,,
,,,,,,,,,,
,,,,,,,,,,
,,,,,,,,,,
,,,,,,,,,,
,,,,,,,,,,
,,,,,,,,,,
,,,,,,,,,,
,,,,,,,,,,
,,,,,,,,,,
,,,,,,,,,,
,,,,,,,,,,
,,,,,,,,,,
,,,,,,,,,,
,,,,,,,,,,
,,,,,,,,,,
,,,,,,,,,,
,,,,,,,,,,
,,,,,,,,,,
,,,,,,,,,,
,,,,,,,,,,
,,,,,,,,,,
,,,,,,,,,,
,,,,,,,,,,
,,,,,,,,,,
,,,,,,,,,,
,,,,,,,,,,
,,,,,,,,,,
,,,,,,,,,,
,,,,,,,,,,
,,,,,,,,,,
,,,,,,,,,,
,,,,,,,,,,
,,,,,,,,,,
,,,,,,,,,,
,,,,,,,,,,
,,,,,,,,,,
,,,,,,,,,,
,,,,,,,,,,
,,,,,,,,,,
,,,,,,,,,,
,,,,,,,,,,
,,,,,,,,,,
,,,,,,,,,,
,,,,,,,,,,
,,,,,,,,,,
,,,,,,,,,,
,,,,,,,,,,
,,,,,,,,,,
,,,,,,,,,,
,,,,,,,,,,
,,,,,,,,,,
,,,,,,,,,,
,,,,,,,,,,
,,,,,,,,,,
,,,,,,,,,,
,,,,,,,,,,
,,,,,,,,,,
,,,,,,,,,,
,,,,,,,,,,
,,,,,,,,,,
,,,,,,,,,,
,,,,,,,,,,
,,,,,,,,,,
,,,,,,,,,,
,,,,,,,,,,
,,,,,,,,,,
,,,,,,,,,,
,,,,,,,,,,
,,,,,,,,,,
,,,,,,,,,,
,,,,,,,,,,
,,,,,,,,,,
,,,,,,,,,,
,,,,,,,,,,
,,,,,,,,,,
,,,,,,,,,,
,,,,,,,,,,
,,,,,,,,,,
,,,,,,,,,,
,,,,,,,,,,
,,,,,,,,,,
,,,,,,,,,,
,,,,,,,,,,
,,,,,,,,,,
,,,,,,,,,,
,,,,,,,,,,
,,,,,,,,,,
,,,,,,,,,,
,,,,,,,,,,
,,,,,,,,,,
,,,,,,,,,,
,,,,,,,,,,
,,,,,,,,,,
,,,,,,,,,,
,,,,,,,,,,
,,,,,,,,,,
,,,,,,,,,,
,,,,,,,,,,
,,,,,,,,,,
,,,,,,,,,,
,,,,,,,,,,
,,,,,,,,,,
,,,,,,,,,,
,,,,,,,,,,
,,,,,,,,,,
,,,,,,,,,,
,,,,,,,,,,
,,,,,,,,,,
,,,,,,,,,,
,,,,,,,,,,
,,,,,,,,,,
,,,,,,,,,,
,,,,,,,,,,
,,,,,,,,,,
,,,,,,,,,,
,,,,,,,,,,
,,,,,,,,,,
,,,,,,,,,,
,,,,,,,,,,
,,,,,,,,,,
,,,,,,,,,,
,,,,,,,,,,
,,,,,,,,,,
,,,,,,,,,,
,,,,,,,,,,
,,,,,,,,,,
,,,,,,,,,,
,,,,,,,,,,
,,,,,,,,,,
,,,,,,,,,,
,,,,,,,,,,
,,,,,,,,,,
,,,,,,,,,,
,,,,,,,,,,
,,,,,,,,,,
,,,,,,,,,,
,,,,,,,,,,
,,,,,,,,,,
,,,,,,,,,,
,,,,,,,,,,
,,,,,,,,,,
,,,,,,,,,,
,,,,,,,,,,
,,,,,,,,,,
,,,,,,,,,,
,,,,,,,,,,
,,,,,,,,,,
,,,,,,,,,,
,,,,,,,,,,
,,,,,,,,,,
,,,,,,,,,,
,,,,,,,,,,
,,,,,,,,,,
,,,,,,,,,,
,,,,,,,,,,
,,,,,,,,,,
,,,,,,,,,,
,,,,,,,,,,
,,,,,,,,,,
,,,,,,,,,,
,,,,,,,,,,
,,,,,,,,,,
,,,,,,,,,,
,,,,,,,,,,
,,,,,,,,,,
,,,,,,,,,,
,,,,,,,,,,
,,,,,,,,,,
,,,,,,,,,,
,,,,,,,,,,
,,,,,,,,,,
,,,,,,,,,,
,,,,,,,,,,
,,,,,,,,,,
,,,,,,,,,,
,,,,,,,,,,
,,,,,,,,,,
,,,,,,,,,,
,,,,,,,,,,
,,,,,,,,,,
,,,,,,,,,,
,,,,,,,,,,
,,,,,,,,,,
,,,,,,,,,,
,,,,,,,,,,
,,,,,,,,,,
,,,,,,,,,,
,,,,,,,,,,
,,,,,,,,,,
,,,,,,,,,,
,,,,,,,,,,
,,,,,,,,,,
,,,,,,,,,,
,,,,,,,,,,
,,,,,,,,,,
,,,,,,,,,,
,,,,,,,,,,
,,,,,,,,,,
,,,,,,,,,,
,,,,,,,,,,
,,,,,,,,,,
,,,,,,,,,,
,,,,,,,,,,
,,,,,,,,,,
,,,,,,,,,,
,,,,,,,,,,
,,,,,,,,,,
,,,,,,,,,,
,,,,,,,,,,
,,,,,,,,,,
,,,,,,,,,,
,,,,,,,,,,
,,,,,,,,,,
,,,,,,,,,,
,,,,,,,,,,
,,,,,,,,,,
,,,,,,,,,,
,,,,,,,,,,
,,,,,,,,,,
,,,,,,,,,,
,,,,,,,,,,
,,,,,,,,,,
,,,,,,,,,,
,,,,,,,,,,
,,,,,,,,,,
,,,,,,,,,,
,,,,,,,,,,
,,,,,,,,,,
,,,,,,,,,,
,,,,,,,,,,
,,,,,,,,,,
,,,,,,,,,,
,,,,,,,,,,
,,,,,,,,,,
,,,,,,,,,,
,,,,,,,,,,
,,,,,,,,,,
,,,,,,,,,,
,,,,,,,,,,
,,,,,,,,,,
,,,,,,,,,,
,,,,,,,,,,
,,,,,,,,,,
,,,,,,,,,,
,,,,,,,,,,
,,,,,,,,,,
,,,,,,,,,,
,,,,,,,,,,
,,,,,,,,,,
,,,,,,,,,,
,,,,,,,,,,
,,,,,,,,,,
,,,,,,,,,,
,,,,,,,,,,
,,,,,,,,,,
,,,,,,,,,,
,,,,,,,,,,
,,,,,,,,,,
,,,,,,,,,,
,,,,,,,,,,
,,,,,,,,,,
,,,,,,,,,,
,,,,,,,,,,
,,,,,,,,,,
,,,,,,,,,,
,,,,,,,,,,
,,,,,,,,,,
,,,,,,,,,,
,,,,,,,,,,
,,,,,,,,,,
,,,,,,,,,,
,,,,,,,,,,
,,,,,,,,,,
,,,,,,,,,,
,,,,,,,,,,
,,,,,,,,,,
,,,,,,,,,,
,,,,,,,,,,
,,,,,,,,,,
,,,,,,,,,,
,,,,,,,,,,
,,,,,,,,,,
,,,,,,,,,,
,,,,,,,,,,
,,,,,,,,,,
,,,,,,,,,,
,,,,,,,,,,
,,,,,,,,,,
,,,,,,,,,,
,,,,,,,,,,
,,,,,,,,,,
,,,,,,,,,,
,,,,,,,,,,
,,,,,,,,,,
,,,,,,,,,,
,,,,,,,,,,
,,,,,,,,,,
,,,,,,,,,,
,,,,,,,,,,
,,,,,,,,,,
,,,,,,,,,,
,,,,,,,,,,
,,,,,,,,,,
,,,,,,,,,,
,,,,,,,,,,
,,,,,,,,,,
,,,,,,,,,,
,,,,,,,,,,
,,,,,,,,,,
,,,,,,,,,,
,,,,,,,,,,
,,,,,,,,,,
,,,,,,,,,,
,,,,,,,,,,
,,,,,,,,,,
,,,,,,,,,,
,,,,,,,,,,
,,,,,,,,,,
,,,,,,,,,,
,,,,,,,,,,
,,,,,,,,,,
,,,,,,,,,,
,,,,,,,,,,
,,,,,,,,,,
,,,,,,,,,,
,,,,,,,,,,
,,,,,,,,,,
,,,,,,,,,,
,,,,,,,,,,
,,,,,,,,,,
,,,,,,,,,,
,,,,,,,,,,
,,,,,,,,,,
,,,,,,,,,,
,,,,,,,,,,
,,,,,,,,,,
,,,,,,,,,,
,,,,,,,,,,
,,,,,,,,,,
,,,,,,,,,,
,,,,,,,,,,
,,,,,,,,,,
,,,,,,,,,,
,,,,,,,,,,
,,,,,,,,,,
,,,,,,,,,,
,,,,,,,,,,
,,,,,,,,,,
,,,,,,,,,,
,,,,,,,,,,
,,,,,,,,,,
,,,,,,,,,,
,,,,,,,,,,
,,,,,,,,,,
,,,,,,,,,,
,,,,,,,,,,
,,,,,,,,,,
,,,,,,,,,,
,,,,,,,,,,
,,,,,,,,,,
,,,,,,,,,,
,,,,,,,,,,
,,,,,,,,,,
,,,,,,,,,,
,,,,,,,,,,
,,,,,,,,,,
,,,,,,,,,,
,,,,,,,,,,
,,,,,,,,,,
,,,,,,,,,,
,,,,,,,,,,
,,,,,,,,,,
,,,,,,,,,,
,,,,,,,,,,
,,,,,,,,,,
,,,,,,,,,,
,,,,,,,,,,
,,,,,,,,,,
,,,,,,,,,,
,,,,,,,,,,
,,,,,,,,,,
,,,,,,,,,,
,,,,,,,,,,
,,,,,,,,,,
,,,,,,,,,,
,,,,,,,,,,
,,,,,,,,,,
,,,,,,,,,,
,,,,,,,,,,
,,,,,,,,,,
,,,,,,,,,,
,,,,,,,,,,
,,,,,,,,,,
,,,,,,,,,,
,,,,,,,,,,
,,,,,,,,,,
,,,,,,,,,,
,,,,,,,,,,
,,,,,,,,,,
,,,,,,,,,,
,,,,,,,,,,
,,,,,,,,,,
,,,,,,,,,,
,,,,,,,,,,
,,,,,,,,,,
,,,,,,,,,,
,,,,,,,,,,
,,,,,,,,,,
,,,,,,,,,,
,,,,,,,,,,
,,,,,,,,,,
,,,,,,,,,,
,,,,,,,,,,
,,,,,,,,,,
,,,,,,,,,,
,,,,,,,,,,
,,,,,,,,,,
,,,,,,,,,,
,,,,,,,,,,
,,,,,,,,,,
,,,,,,,,,,
,,,,,,,,,,
,,,,,,,,,,
,,,,,,,,,,
,,,,,,,,,,
,,,,,,,,,,
,,,,,,,,,,
,,,,,,,,,,
,,,,,,,,,,
,,,,,,,,,,
,,,,,,,,,,
,,,,,,,,,,
,,,,,,,,,,
,,,,,,,,,,
,,,,,,,,,,
,,,,,,,,,,
,,,,,,,,,,
,,,,,,,,,,
,,,,,,,,,,
,,,,,,,,,,
,,,,,,,,,,
,,,,,,,,,,
,,,,,,,,,,
,,,,,,,,,,
,,,,,,,,,,
,,,,,,,,,,
,,,,,,,,,,
,,,,,,,,,,
,,,,,,,,,,
,,,,,,,,,,
,,,,,,,,,,
,,,,,,,,,,
,,,,,,,,,,
,,,,,,,,,,
,,,,,,,,,,
,,,,,,,,,,
,,,,,,,,,,
,,,,,,,,,,
,,,,,,,,,,
,,,,,,,,,,
,,,,,,,,,,
,,,,,,,,,,
,,,,,,,,,,
,,,,,,,,,,
,,,,,,,,,,
,,,,,,,,,,
,,,,,,,,,,
,,,,,,,,,,
,,,,,,,,,,
,,,,,,,,,,
,,,,,,,,,,
,,,,,,,,,,
,,,,,,,,,,
,,,,,,,,,,
,,,,,,,,,,
,,,,,,,,,,
,,,,,,,,,,
,,,,,,,,,,
,,,,,,,,,,
,,,,,,,,,,
,,,,,,,,,,
,,,,,,,,,,
,,,,,,,,,,
,,,,,,,,,,
,,,,,,,,,,
,,,,,,,,,,
,,,,,,,,,,
,,,,,,,,,,
,,,,,,,,,,
,,,,,,,,,,
,,,,,,,,,,
,,,,,,,,,,
,,,,,,,,,,
,,,,,,,,,,
,,,,,,,,,,
,,,,,,,,,,
,,,,,,,,,,
,,,,,,,,,,
,,,,,,,,,,
,,,,,,,,,,
,,,,,,,,,,
,,,,,,,,,,
,,,,,,,,,,
,,,,,,,,,,
,,,,,,,,,,
,,,,,,,,,,
,,,,,,,,,,
,,,,,,,,,,
,,,,,,,,,,
,,,,,,,,,,
,,,,,,,,,,
,,,,,,,,,,
,,,,,,,,,,
,,,,,,,,,,
,,,,,,,,,,
,,,,,,,,,,
,,,,,,,,,,
,,,,,,,,,,
,,,,,,,,,,
,,,,,,,,,,
,,,,,,,,,,
,,,,,,,,,,
,,,,,,,,,,
,,,,,,,,,,
,,,,,,,,,,
,,,,,,,,,,
,,,,,,,,,,
,,,,,,,,,,
,,,,,,,,,,
,,,,,,,,,,
,,,,,,,,,,
,,,,,,,,,,
,,,,,,,,,,
,,,,,,,,,,
,,,,,,,,,,
,,,,,,,,,,
,,,,,,,,,,
,,,,,,,,,,
,,,,,,,,,,
,,,,,,,,,,
,,,,,,,,,,
,,,,,,,,,,
,,,,,,,,,,
,,,,,,,,,,
,,,,,,,,,,
,,,,,,,,,,
,,,,,,,,,,
,,,,,,,,,,
,,,,,,,,,,
,,,,,,,,,,
,,,,,,,,,,
,,,,,,,,,,
,,,,,,,,,,
,,,,,,,,,,
,,,,,,,,,,
,,,,,,,,,,
,,,,,,,,,,
,,,,,,,,,,
,,,,,,,,,,
,,,,,,,,,,
,,,,,,,,,,
,,,,,,,,,,
,,,,,,,,,,
,,,,,,,,,,
,,,,,,,,,,
,,,,,,,,,,
,,,,,,,,,,
,,,,,,,,,,
,,,,,,,,,,
,,,,,,,,,,
,,,,,,,,,,
,,,,,,,,,,
,,,,,,,,,,
,,,,,,,,,,
,,,,,,,,,,
,,,,,,,,,,
,,,,,,,,,,
,,,,,,,,,,
,,,,,,,,,,
,,,,,,,,,,
,,,,,,,,,,
,,,,,,,,,,
,,,,,,,,,,
,,,,,,,,,,
,,,,,,,,,,
,,,,,,,,,,
,,,,,,,,,,
,,,,,,,,,,
,,,,,,,,,,
,,,,,,,,,,
,,,,,,,,,,
,,,,,,,,,,
,,,,,,,,,,
,,,,,,,,,,
,,,,,,,,,,
,,,,,,,,,,
,,,,,,,,,,
,,,,,,,,,,
,,,,,,,,,,
,,,,,,,,,,
,,,,,,,,,,
,,,,,,,,,,
,,,,,,,,,,
,,,,,,,,,,
,,,,,,,,,,
,,,,,,,,,,
,,,,,,,,,,
,,,,,,,,,,
,,,,,,,,,,
,,,,,,,,,,
,,,,,,,,,,
,,,,,,,,,,
,,,,,,,,,,
,,,,,,,,,,
,,,,,,,,,,
,,,,,,,,,,
,,,,,,,,,,
,,,,,,,,,,
,,,,,,,,,,
,,,,,,,,,,
,,,,,,,,,,
,,,,,,,,,,
,,,,,,,,,,
,,,,,,,,,,
,,,,,,,,,,
,,,,,,,,,,
,,,,,,,,,,
,,,,,,,,,,
,,,,,,,,,,
,,,,,,,,,,
,,,,,,,,,,
,,,,,,,,,,
,,,,,,,,,,
,,,,,,,,,,
,,,,,,,,,,
,,,,,,,,,,
,,,,,,,,,,
,,,,,,,,,,
,,,,,,,,,,
,,,,,,,,,,
,,,,,,,,,,
,,,,,,,,,,